Timestamp,Frame,TrackID,Class,Confidence,Gender,Age,X,Y,Width,Height
0.03,1,1,person,0.511,Man,34,642,381,65,118
0.07,2,1,person,0.642,Man,34,641,381,55,120
0.1,3,1,person,0.622,Man,34,641,381,51,123
0.14,4,1,person,0.604,Man,34,641,380,50,120
0.14,4,3,person,0.618,Man,25,598,321,32,78
0.21,6,1,person,0.565,Man,34,646,382,49,118
0.24,7,1,person,0.54,Man,34,650,386,48,115
0.28,8,1,person,0.622,Man,34,653,385,48,123
0.28,8,4,person,0.584,Man,28,592,330,31,81
0.31,9,4,person,0.681,Man,28,591,330,28,80
0.34,10,4,person,0.579,Man,28,587,329,30,80
0.38,11,1,person,0.57,Man,34,659,382,55,124
0.41,12,1,person,0.647,Man,34,661,384,56,121
0.41,12,4,person,0.585,Man,28,581,332,31,79
0.45,13,1,person,0.713,Man,34,662,384,51,117
0.45,13,4,person,0.511,Man,28,579,332,29,74
0.48,14,1,person,0.623,Man,34,665,384,47,113
0.52,15,1,person,0.608,Man,34,668,383,44,111
0.52,15,4,person,0.544,Man,28,573,328,33,86
0.55,16,1,person,0.671,Man,34,670,382,42,108
0.59,17,1,person,0.664,Man,34,671,384,44,106
0.59,17,4,person,0.582,Man,28,568,326,35,81
0.62,18,1,person,0.635,Man,34,672,385,47,107
0.62,18,4,person,0.655,Man,28,567,329,32,77
0.66,19,1,person,0.559,Man,34,675,385,45,104
0.66,19,4,person,0.576,Man,28,567,332,29,75
0.69,20,1,person,0.558,Man,34,678,383,41,92
0.69,20,4,person,0.614,Man,28,564,332,30,81
0.72,21,1,person,0.606,Man,34,678,381,48,103
0.76,22,1,person,0.608,Man,34,680,382,51,108
0.79,23,1,person,0.64,Man,34,683,384,52,107
0.79,23,4,person,0.638,Man,28,557,332,33,80
0.83,24,1,person,0.672,Man,34,685,385,53,109
0.83,24,4,person,0.636,Man,28,554,333,32,82
0.86,25,1,person,0.776,Man,34,688,385,48,111
0.9,26,1,person,0.645,Man,34,691,384,44,107
0.93,27,1,person,0.732,Man,34,692,385,44,104
0.93,27,4,person,0.623,Man,28,547,328,42,89
0.97,28,1,person,0.704,Man,34,693,386,54,106
0.97,28,4,person,0.653,Man,28,545,329,47,89
1.0,29,1,person,0.693,Man,34,692,389,61,105
1.0,29,4,person,0.583,Man,28,543,331,40,85
1.03,30,1,person,0.624,Man,34,693,388,60,107
1.03,30,4,person,0.535,Man,28,541,333,34,79
1.07,31,1,person,0.618,Man,34,696,385,55,111
1.07,31,4,person,0.539,Man,28,539,333,33,80
1.1,32,1,person,0.65,Man,34,697,384,65,114
1.1,32,4,person,0.686,Man,28,538,334,34,84
1.14,33,1,person,0.635,Man,34,699,384,55,110
1.14,33,4,person,0.607,Man,28,535,334,41,85
1.17,34,1,person,0.622,Man,34,702,385,51,110
1.17,34,4,person,0.678,Man,28,534,333,41,85
1.21,35,1,person,0.741,Man,34,704,386,51,111
1.21,35,4,person,0.641,Man,28,531,335,36,84
1.24,36,1,person,0.762,Man,34,705,384,46,114
1.24,36,4,person,0.617,Man,28,530,335,35,88
1.28,37,1,person,0.72,Man,34,707,382,45,113
1.31,38,1,person,0.634,Man,34,709,382,58,112
1.31,38,4,person,0.607,Man,28,526,328,43,93
1.34,39,1,person,0.709,Man,34,709,383,48,109
1.34,39,4,person,0.662,Man,28,525,327,38,90
1.38,40,1,person,0.752,Man,34,710,385,45,110
1.38,40,4,person,0.743,Man,28,524,328,34,87
1.41,41,1,person,0.718,Man,34,709,384,47,112
1.45,42,1,person,0.756,Man,34,710,382,45,110
1.45,42,4,person,0.548,Man,28,523,332,28,69
1.48,43,1,person,0.713,Man,34,710,381,48,109
1.48,43,4,person,0.519,Man,28,522,331,33,83
1.52,44,1,person,0.639,Man,34,711,381,50,107
1.52,44,4,person,0.579,Man,28,520,330,39,86
1.55,45,1,person,0.601,Man,34,713,382,49,110
1.59,46,1,person,0.749,Man,34,713,380,46,112
1.59,46,4,person,0.68,Man,28,516,332,33,89
1.62,47,1,person,0.717,Man,34,714,379,48,116
1.62,47,4,person,0.695,Man,28,512,333,35,92
1.66,48,1,person,0.69,Man,34,714,378,59,114
1.66,48,4,person,0.665,Man,28,511,332,42,96
1.69,49,1,person,0.62,Man,34,715,377,60,112
1.69,49,4,person,0.566,Man,28,510,332,35,80
1.72,50,1,person,0.646,Man,34,714,379,59,108
1.72,50,4,person,0.593,Man,28,508,334,33,87
1.76,51,1,person,0.679,Man,34,712,380,58,111
1.76,51,4,person,0.606,Man,28,507,335,30,88
1.79,52,1,person,0.59,Man,34,714,380,56,112
1.79,52,4,person,0.714,Man,28,506,337,29,87
1.83,53,1,person,0.718,Man,34,715,376,53,110
1.83,53,4,person,0.629,Man,28,503,336,34,88
1.86,54,1,person,0.739,Man,34,715,373,55,111
1.86,54,4,person,0.757,Man,28,502,335,39,93
1.9,55,1,person,0.659,Man,34,716,373,53,107
1.9,55,4,person,0.748,Man,28,498,333,49,93
1.93,56,1,person,0.644,Man,34,718,372,46,99
1.93,56,4,person,0.618,Man,28,497,332,48,93
1.97,57,1,person,0.663,Man,34,718,371,44,110
1.97,57,4,person,0.605,Man,28,496,333,37,92
2.0,58,1,person,0.746,Man,34,719,369,44,111
2.0,58,4,person,0.548,Man,28,496,333,32,93
2.03,59,1,person,0.705,Man,34,720,365,54,113
2.03,59,4,person,0.509,Man,28,495,333,39,94
2.07,60,1,person,0.678,Man,34,720,364,51,109
2.1,61,1,person,0.745,Man,34,721,365,47,106
2.1,61,4,person,0.604,Man,28,490,329,40,95
2.14,62,1,person,0.738,Man,34,721,365,48,108
2.14,62,4,person,0.542,Man,28,488,329,36,97
2.17,63,1,person,0.701,Man,34,722,365,46,108
2.17,63,4,person,0.681,Man,28,489,330,31,94
2.21,64,1,person,0.723,Man,34,725,361,45,110
2.21,64,4,person,0.606,Man,28,487,330,31,88
2.24,65,1,person,0.69,Man,34,726,357,54,119
2.24,65,4,person,0.669,Man,28,483,329,40,94
2.28,66,1,person,0.599,Man,34,723,355,61,117
2.28,66,4,person,0.557,Man,28,482,326,44,99
2.31,67,1,person,0.729,Man,34,725,356,56,111
2.31,67,4,person,0.619,Man,28,480,323,48,100
2.34,68,1,person,0.663,Man,34,727,357,47,105
2.34,68,4,person,0.627,Man,28,479,324,41,97
2.38,69,1,person,0.75,Man,34,727,357,45,111
2.38,69,4,person,0.592,Man,28,480,325,35,95
2.41,70,1,person,0.739,Man,34,725,354,60,114
2.41,70,4,person,0.563,Man,28,481,325,36,91
2.45,71,1,person,0.766,Man,34,724,353,63,113
2.45,71,4,person,0.644,Man,28,480,324,34,81
2.48,72,1,person,0.728,Man,34,723,354,60,113
2.48,72,4,person,0.744,Man,28,480,320,43,96
2.52,73,1,person,0.779,Man,34,722,354,55,112
2.52,73,4,person,0.68,Man,28,480,318,47,101
2.55,74,1,person,0.706,Man,34,722,354,52,113
2.55,74,4,person,0.683,Man,28,477,320,42,98
2.59,75,1,person,0.775,Man,34,722,352,58,113
2.59,75,4,person,0.626,Man,28,478,322,37,79
2.62,76,1,person,0.767,Man,34,721,348,63,111
2.62,76,4,person,0.577,Man,28,478,322,35,78
2.66,77,1,person,0.772,Man,34,722,347,64,108
2.66,77,4,person,0.749,Man,28,477,321,43,91
2.69,78,1,person,0.77,Man,34,725,346,58,107
2.69,78,4,person,0.725,Man,28,476,318,54,97
2.72,79,1,person,0.707,Man,34,724,346,53,103
2.72,79,4,person,0.535,Man,28,476,318,40,99
2.76,80,1,person,0.748,Man,34,724,344,49,110
2.76,80,4,person,0.69,Man,28,475,319,34,98
2.79,81,1,person,0.81,Man,34,721,342,57,111
2.79,81,4,person,0.668,Man,28,475,321,33,95
2.83,82,1,person,0.709,Man,34,720,341,66,113
2.83,82,4,person,0.702,Man,28,474,318,44,98
2.86,83,1,person,0.677,Man,34,717,341,72,113
2.86,83,4,person,0.597,Man,28,474,316,43,98
2.9,84,1,person,0.663,Man,34,718,342,63,112
2.9,84,4,person,0.566,Man,28,473,315,39,79
2.93,85,1,person,0.749,Man,34,718,342,59,112
2.93,85,4,person,0.523,Man,28,473,314,37,73
2.97,86,1,person,0.737,Man,34,720,340,57,111
2.97,86,4,person,0.648,Man,28,473,315,36,80
3.0,87,1,person,0.745,Man,34,723,336,61,116
3.0,87,4,person,0.639,Man,28,473,317,34,74
3.03,88,1,person,0.78,Man,34,722,335,70,119
3.03,88,4,person,0.538,Man,28,469,315,40,88
3.07,89,1,person,0.776,Man,34,723,335,64,114
3.07,89,4,person,0.529,Man,28,470,314,46,97
3.1,90,1,person,0.681,Man,34,726,336,55,106
3.14,91,1,person,0.777,Man,34,727,337,50,98
3.14,91,4,person,0.626,Man,28,472,312,38,95
3.17,92,1,person,0.752,Man,34,732,336,45,109
3.17,92,4,person,0.654,Man,28,473,313,34,94
3.21,93,1,person,0.65,Man,34,732,334,48,115
3.21,93,4,person,0.56,Man,28,474,314,30,73
3.24,94,1,person,0.614,Man,34,730,334,48,111
3.24,94,4,person,0.623,Man,28,473,312,32,80
3.28,95,4,person,0.736,Man,28,472,309,45,94
3.31,96,4,person,0.68,Man,28,471,306,49,99
3.31,96,1,person,0.603,Man,34,736,340,42,109
3.34,97,4,person,0.785,Man,28,472,305,41,97
3.34,97,1,person,0.507,Man,34,738,343,39,93
3.38,98,4,person,0.758,Man,28,475,306,36,99
3.38,98,1,person,0.737,Man,34,736,341,47,106
3.41,99,4,person,0.635,Man,28,477,306,40,103
3.41,99,1,person,0.736,Man,34,733,341,57,110
3.45,100,4,person,0.523,Man,28,478,304,40,105
3.45,100,1,person,0.653,Man,34,733,341,59,111
3.48,101,4,person,0.564,Man,28,477,303,48,106
3.48,101,1,person,0.595,Man,34,732,343,52,109
3.52,102,4,person,0.616,Man,28,477,300,55,105
3.52,102,1,person,0.687,Man,34,730,347,47,99
3.55,103,4,person,0.585,Man,28,476,302,43,99
3.55,103,1,person,0.777,Man,34,729,348,46,110
3.59,104,4,person,0.661,Man,28,475,304,40,95
3.59,104,1,person,0.681,Man,34,727,348,48,112
3.62,105,4,person,0.731,Man,28,476,304,42,95
3.66,106,4,person,0.736,Man,28,478,302,42,100
3.66,106,1,person,0.61,Man,34,723,350,46,113
3.69,107,4,person,0.775,Man,28,478,300,47,104
3.69,107,1,person,0.612,Man,34,724,356,42,109
3.72,108,4,person,0.661,Man,28,479,300,47,102
3.72,108,1,person,0.672,Man,34,723,360,44,107
3.76,109,4,person,0.7,Man,28,479,302,45,99
3.76,109,1,person,0.67,Man,34,723,363,43,98
3.79,110,4,person,0.627,Man,28,481,306,44,95
3.79,110,1,person,0.695,Man,34,718,361,54,113
3.83,111,4,person,0.699,Man,28,489,308,35,91
3.83,111,1,person,0.709,Man,34,714,360,61,115
3.86,112,4,person,0.603,Man,28,492,308,35,92
3.86,112,1,person,0.731,Man,34,712,362,60,111
3.9,113,4,person,0.736,Man,28,493,307,45,99
3.9,113,1,person,0.685,Man,34,713,366,51,107
3.93,114,4,person,0.666,Man,28,495,306,50,102
3.93,114,1,person,0.663,Man,34,712,369,45,102
3.97,115,4,person,0.599,Man,28,497,308,50,103
3.97,115,1,person,0.771,Man,34,711,368,45,117
4.0,116,4,person,0.648,Man,28,498,311,48,102
4.0,116,1,person,0.744,Man,34,706,366,51,122
4.03,117,4,person,0.691,Man,28,499,311,47,103
4.03,117,1,person,0.623,Man,34,701,364,62,127
4.07,118,4,person,0.639,Man,28,501,309,42,101
4.07,118,1,person,0.608,Man,34,702,366,51,117
4.1,119,4,person,0.748,Man,28,501,306,48,103
4.1,119,1,person,0.731,Man,34,703,367,50,117
4.14,120,4,person,0.781,Man,28,502,306,47,100
4.14,120,1,person,0.737,Man,34,702,367,46,119
4.17,121,4,person,0.721,Man,28,504,307,42,97
4.17,121,1,person,0.75,Man,34,701,363,49,120
4.21,122,4,person,0.544,Man,28,507,309,35,79
4.21,122,1,person,0.648,Man,34,699,360,53,119
4.24,123,4,person,0.666,Man,28,509,309,33,88
4.24,123,1,person,0.774,Man,34,697,360,54,114
4.28,124,4,person,0.708,Man,28,510,307,31,94
4.28,124,1,person,0.8,Man,34,697,362,49,111
4.31,125,4,person,0.548,Man,28,511,307,28,81
4.31,125,1,person,0.735,Man,34,697,364,45,106
4.34,126,4,person,0.642,Man,28,511,309,28,86
4.34,126,1,person,0.765,Man,34,695,361,44,114
4.38,127,4,person,0.724,Man,28,511,310,31,91
4.38,127,1,person,0.764,Man,34,693,359,50,123
4.41,128,1,person,0.638,Man,34,691,358,53,120
4.45,129,1,person,0.542,Man,34,691,359,49,116
4.45,129,4,person,0.593,Man,28,510,310,32,70
4.48,130,1,person,0.684,Man,34,692,361,46,114
4.48,130,4,person,0.666,Man,28,510,306,42,97
4.52,131,1,person,0.734,Man,34,690,362,47,113
4.52,131,4,person,0.661,Man,28,510,306,38,92
4.55,132,1,person,0.721,Man,34,688,362,53,112
4.55,132,4,person,0.661,Man,28,510,309,35,85
4.59,133,1,person,0.702,Man,34,688,360,54,117
4.59,133,4,person,0.674,Man,28,510,311,35,90
4.62,134,1,person,0.695,Man,34,688,361,53,112
4.62,134,4,person,0.669,Man,28,510,309,35,94
4.66,135,1,person,0.751,Man,34,686,361,53,114
4.66,135,4,person,0.705,Man,28,511,307,43,101
4.69,136,1,person,0.77,Man,34,686,366,48,108
4.69,136,4,person,0.647,Man,28,510,305,45,97
4.72,137,1,person,0.757,Man,34,685,366,46,117
4.72,137,4,person,0.673,Man,28,510,306,48,92
4.76,138,1,person,0.658,Man,34,685,363,46,124
4.76,138,4,person,0.634,Man,28,509,307,41,87
4.79,139,1,person,0.529,Man,34,684,362,44,115
4.79,139,4,person,0.662,Man,28,509,308,36,78
4.83,140,1,person,0.532,Man,34,685,365,39,95
4.83,140,4,person,0.544,Man,28,509,308,35,64
4.86,141,1,person,0.587,Man,34,684,369,38,85
4.86,141,4,person,0.737,Man,28,508,305,36,88
4.9,142,1,person,0.728,Man,34,684,372,41,105
4.9,142,4,person,0.765,Man,28,506,303,40,94
4.93,143,1,person,0.737,Man,34,683,371,48,112
4.93,143,4,person,0.619,Man,28,508,306,38,97
4.97,144,1,person,0.556,Man,34,680,369,51,108
4.97,144,4,person,0.731,Man,28,508,309,37,93
5.0,145,1,person,0.648,Man,34,676,371,56,108
5.0,145,4,person,0.715,Man,28,509,306,37,95
5.03,146,1,person,0.665,Man,34,676,373,55,100
5.03,146,4,person,0.72,Man,28,510,303,41,100
5.07,147,1,person,0.749,Man,34,676,375,51,111
5.07,147,4,person,0.723,Man,28,511,302,48,107
5.1,148,1,person,0.742,Man,34,675,373,47,119
5.1,148,4,person,0.678,Man,28,509,301,53,108
5.14,149,1,person,0.607,Man,34,674,372,50,125
5.14,149,4,person,0.622,Man,28,507,301,50,102
5.17,150,1,person,0.578,Man,34,671,375,45,109
5.17,150,4,person,0.629,Man,28,507,305,51,98
5.21,151,1,person,0.646,Man,34,669,378,43,107
5.21,151,4,person,0.697,Man,28,510,305,44,98
5.24,152,1,person,0.731,Man,34,668,380,45,110
5.24,152,4,person,0.724,Man,28,512,303,45,104
5.28,153,1,person,0.705,Man,34,668,379,47,93
5.28,153,4,person,0.727,Man,28,513,302,44,103
5.31,154,1,person,0.728,Man,34,665,377,50,104
5.31,154,4,person,0.724,Man,28,514,302,45,104
5.34,155,1,person,0.717,Man,34,663,373,50,100
5.34,155,4,person,0.745,Man,28,515,305,43,99
5.38,156,1,person,0.755,Man,34,662,374,48,93
5.38,156,4,person,0.735,Man,28,517,306,37,100
5.41,157,1,person,0.695,Man,34,661,377,48,90
5.41,157,4,person,0.666,Man,28,519,304,37,104
5.45,158,1,person,0.782,Man,34,660,378,44,102
5.45,158,4,person,0.599,Man,28,518,303,46,112
5.48,159,1,person,0.73,Man,34,657,377,45,111
5.48,159,4,person,0.639,Man,28,515,302,58,117
5.52,160,1,person,0.628,Man,34,655,376,44,114
5.52,160,4,person,0.59,Man,28,516,305,46,102
5.55,161,1,person,0.723,Man,34,653,376,42,99
5.55,161,4,person,0.703,Man,28,518,308,44,99
5.59,162,1,person,0.588,Man,34,652,376,48,111
5.59,162,4,person,0.669,Man,28,517,309,43,103
5.62,163,1,person,0.684,Man,34,651,376,47,116
5.66,164,1,person,0.725,Man,34,651,373,49,116
5.66,164,4,person,0.73,Man,28,518,302,40,108
5.69,165,1,person,0.737,Man,34,650,370,51,111
5.72,166,1,person,0.626,Man,34,649,369,51,122
5.72,166,4,person,0.681,Man,28,522,303,33,102
5.76,167,1,person,0.75,Man,34,648,370,52,118
5.76,167,4,person,0.659,Man,28,525,304,29,98
5.79,168,1,person,0.632,Man,34,649,372,45,104
5.79,168,4,person,0.684,Man,28,525,303,33,101
5.83,169,1,person,0.727,Man,34,649,371,41,110
5.83,169,4,person,0.627,Man,28,527,301,32,99
5.86,170,1,person,0.665,Man,34,650,370,44,120
5.86,170,4,person,0.586,Man,28,528,298,35,110
5.9,171,1,person,0.615,Man,34,647,368,52,127
5.9,171,4,person,0.668,Man,28,529,298,36,105
5.93,172,1,person,0.632,Man,34,647,368,53,126
5.93,172,4,person,0.746,Man,28,529,300,39,103
5.97,173,1,person,0.743,Man,34,647,371,52,125
5.97,173,4,person,0.703,Man,28,531,301,38,102
6.0,174,1,person,0.732,Man,34,646,371,50,120
6.0,174,4,person,0.62,Man,28,532,301,40,108
6.03,175,1,person,0.745,Man,34,647,370,47,118
6.03,175,4,person,0.599,Man,28,534,300,38,110
6.07,176,1,person,0.706,Man,34,646,368,49,124
6.07,176,4,person,0.593,Man,28,535,300,38,112
6.1,177,1,person,0.659,Man,34,646,367,54,124
6.1,177,4,person,0.723,Man,28,538,301,36,112
6.14,178,1,person,0.52,Man,34,647,368,52,121
6.14,178,4,person,0.636,Man,28,542,301,33,105
6.17,179,1,person,0.718,Man,34,647,371,48,118
6.17,179,4,person,0.59,Man,28,541,302,34,101
6.21,180,1,person,0.714,Man,34,647,368,52,120
6.21,180,4,person,0.621,Man,28,542,298,41,119
6.24,181,1,person,0.623,Man,34,647,364,48,137
6.24,181,4,person,0.604,Man,28,543,297,39,113
6.28,182,1,person,0.528,Man,34,645,363,45,127
6.28,182,4,person,0.588,Man,28,544,299,34,99
6.31,183,1,person,0.554,Man,34,646,363,39,107
6.34,184,1,person,0.692,Man,34,645,363,48,119
6.34,184,4,person,0.549,Man,28,544,301,33,99
6.38,185,1,person,0.712,Man,34,644,365,45,114
6.38,185,4,person,0.561,Man,28,544,300,34,102
6.41,186,1,person,0.524,Man,34,643,364,46,105
6.41,186,4,person,0.634,Man,28,544,298,36,112
6.45,187,1,person,0.747,Man,34,641,361,51,122
6.45,187,4,person,0.734,Man,28,543,298,39,105
6.48,188,1,person,0.732,Man,34,643,359,49,128
6.48,188,4,person,0.682,Man,28,544,300,37,99
6.52,189,1,person,0.634,Man,34,644,361,47,108
6.52,189,4,person,0.628,Man,28,546,300,34,103
6.55,190,1,person,0.664,Man,34,645,363,44,93
6.55,190,4,person,0.665,Man,28,547,299,32,106
6.59,191,1,person,0.67,Man,34,645,364,40,113
6.59,191,4,person,0.606,Man,28,546,298,35,115
6.62,192,1,person,0.697,Man,34,646,363,39,127
6.62,192,4,person,0.607,Man,28,545,298,35,106
6.66,193,1,person,0.69,Man,34,646,364,41,128
6.66,193,4,person,0.571,Man,28,544,299,35,99
6.72,195,1,person,0.631,Man,34,643,370,42,116
6.76,196,1,person,0.698,Man,34,643,372,42,114
6.79,197,1,person,0.64,Man,34,644,372,43,121
6.79,197,4,person,0.704,Man,28,547,298,34,108
6.83,198,1,person,0.766,Man,34,643,369,46,127
6.83,198,4,person,0.69,Man,28,548,300,34,106
6.86,199,1,person,0.753,Man,34,643,368,48,133
6.86,199,4,person,0.717,Man,28,549,303,34,102
6.9,200,1,person,0.639,Man,34,643,370,49,131
6.9,200,4,person,0.616,Man,28,551,305,33,98
6.93,201,1,person,0.772,Man,34,642,371,49,125
6.93,201,4,person,0.667,Man,28,553,304,31,102
6.97,202,1,person,0.754,Man,34,641,372,44,120
6.97,202,4,person,0.673,Man,28,553,303,35,108
7.0,203,1,person,0.723,Man,34,640,371,45,125
7.03,204,1,person,0.629,Man,34,640,370,42,119
7.03,204,4,person,0.719,Man,28,554,303,37,107
7.07,205,1,person,0.739,Man,34,639,372,43,108
7.07,205,4,person,0.73,Man,28,555,305,36,105
7.1,206,1,person,0.815,Man,34,638,373,44,109
7.1,206,4,person,0.623,Man,28,554,305,34,100
7.14,207,1,person,0.811,Man,34,638,375,45,108
7.14,207,4,person,0.505,Man,28,555,303,34,88
7.17,208,1,person,0.765,Man,34,637,374,48,112
7.17,208,4,person,0.629,Man,28,553,302,38,109
7.21,209,1,person,0.786,Man,34,638,370,50,119
7.24,210,1,person,0.782,Man,34,637,369,51,115
7.24,210,4,person,0.661,Man,28,556,304,35,99
7.28,211,1,person,0.693,Man,34,637,369,51,123
7.28,211,4,person,0.725,Man,28,558,308,35,99
7.31,212,1,person,0.792,Man,34,638,370,48,124
7.31,212,4,person,0.729,Man,28,557,309,36,101
7.34,213,1,person,0.8,Man,34,637,369,46,126
7.34,213,4,person,0.602,Man,28,558,307,35,113
7.38,214,1,person,0.814,Man,34,637,368,43,120
7.41,215,1,person,0.653,Man,34,637,368,43,106
7.45,216,1,person,0.684,Man,34,638,369,40,90
7.45,216,4,person,0.539,Man,28,559,307,31,98
7.48,217,1,person,0.62,Man,34,637,370,40,96
7.48,217,4,person,0.711,Man,28,559,308,35,105
7.52,218,1,person,0.79,Man,34,636,372,43,110
7.52,218,4,person,0.756,Man,28,559,307,35,109
7.55,219,1,person,0.644,Man,34,634,372,47,118
7.55,219,4,person,0.686,Man,28,559,303,37,116
7.59,220,1,person,0.731,Man,34,634,368,48,128
7.59,220,4,person,0.58,Man,28,560,302,37,117
7.62,221,1,person,0.761,Man,34,633,364,49,137
7.66,222,4,person,0.654,Man,28,563,305,33,108
7.69,223,4,person,0.573,Man,28,565,307,34,112
7.69,223,1,person,0.672,Man,34,634,367,51,134
7.72,224,4,person,0.711,Man,28,566,303,36,121
7.72,224,1,person,0.67,Man,34,633,370,53,128
7.76,225,4,person,0.634,Man,28,566,301,39,129
7.76,225,1,person,0.703,Man,34,634,370,48,129
7.79,226,4,person,0.639,Man,28,568,301,40,128
7.79,226,1,person,0.709,Man,34,634,370,45,136
7.83,227,4,person,0.639,Man,28,569,301,36,121
7.83,227,1,person,0.732,Man,34,633,369,45,135
7.86,228,4,person,0.666,Man,28,569,303,34,111
7.86,228,1,person,0.691,Man,34,633,371,42,120
7.9,229,4,person,0.678,Man,28,568,305,33,112
7.9,229,1,person,0.782,Man,34,632,372,44,120
7.93,230,4,person,0.629,Man,28,566,298,39,124
7.93,230,1,person,0.732,Man,34,630,370,46,117
7.97,231,4,person,0.628,Man,28,563,293,46,136
7.97,231,1,person,0.795,Man,34,630,367,47,127
8.0,232,4,person,0.59,Man,28,563,294,45,122
8.0,232,1,person,0.652,Man,34,629,364,47,128
8.03,233,4,person,0.598,Man,28,564,297,41,115
8.03,233,1,person,0.76,Man,34,629,363,48,131
8.07,234,4,person,0.641,Man,28,566,300,40,127
8.07,234,1,person,0.782,Man,34,630,365,47,131
8.1,235,4,person,0.669,Man,28,570,304,34,114
8.1,235,1,person,0.821,Man,34,630,366,46,126
8.14,236,4,person,0.634,Man,28,569,304,37,120
8.14,236,1,person,0.843,Man,34,630,366,44,130
8.17,237,4,person,0.626,Man,28,568,304,39,120
8.17,237,1,person,0.77,Man,34,629,366,42,134
8.21,238,4,person,0.55,Man,28,569,305,36,109
8.21,238,1,person,0.525,Man,34,629,367,43,127
8.24,239,4,person,0.735,Man,28,568,308,37,103
8.24,239,1,person,0.721,Man,34,629,367,45,129
8.28,240,4,person,0.709,Man,28,568,311,36,98
8.28,240,1,person,0.732,Man,34,630,366,47,122
8.31,241,4,person,0.651,Man,28,566,311,36,101
8.31,241,1,person,0.803,Man,34,630,365,47,129
8.34,242,4,person,0.641,Man,28,566,309,35,107
8.34,242,1,person,0.554,Man,34,631,364,47,136
8.38,243,4,person,0.512,Man,28,565,309,36,106
8.41,244,1,person,0.703,Man,34,632,367,44,97
8.45,245,1,person,0.826,Man,34,631,368,46,115
8.45,245,4,person,0.652,Man,28,568,311,36,101
8.48,246,1,person,0.824,Man,34,632,369,45,116
8.48,246,4,person,0.683,Man,28,571,312,32,100
8.52,247,1,person,0.743,Man,34,634,368,43,125
8.52,247,4,person,0.727,Man,28,571,310,35,110
8.55,248,1,person,0.72,Man,34,635,367,42,133
8.55,248,4,person,0.689,Man,28,570,309,39,114
8.59,249,4,person,0.708,Man,28,570,308,39,112
8.62,250,4,person,0.673,Man,28,568,309,40,108
8.62,250,1,person,0.603,Man,34,636,369,43,136
8.66,251,4,person,0.722,Man,28,570,310,39,103
8.66,251,1,person,0.702,Man,34,634,371,43,120
8.69,252,1,person,0.806,Man,34,632,370,45,114
8.72,253,1,person,0.737,Man,34,630,366,48,117
8.72,253,4,person,0.667,Man,28,572,304,34,115
8.76,254,1,person,0.753,Man,34,631,364,49,124
8.79,255,1,person,0.736,Man,34,632,363,49,127
8.83,256,1,person,0.754,Man,34,632,365,50,123
8.83,256,4,person,0.564,Man,28,575,305,33,71
8.86,257,1,person,0.605,Man,34,632,367,50,118
8.86,257,4,person,0.52,Man,28,577,304,31,103
8.9,258,1,person,0.733,Man,34,634,367,46,117
8.9,258,4,person,0.576,Man,28,578,303,32,106
8.93,259,1,person,0.688,Man,34,633,364,46,131
8.93,259,4,person,0.67,Man,28,578,301,33,111
8.97,260,1,person,0.602,Man,34,633,362,45,139
8.97,260,4,person,0.629,Man,28,579,301,33,108
9.0,261,1,person,0.759,Man,34,632,364,45,137
9.0,261,4,person,0.534,Man,28,581,302,29,74
9.03,262,1,person,0.781,Man,34,630,368,47,129
9.07,263,1,person,0.751,Man,34,628,368,49,120
9.07,263,4,person,0.541,Man,28,580,303,31,59
9.1,264,1,person,0.589,Man,34,629,367,51,111
9.1,264,4,person,0.544,Man,28,579,302,32,57
9.14,265,1,person,0.668,Man,34,630,364,50,120
9.14,265,4,person,0.545,Man,28,574,301,38,100
9.17,266,1,person,0.563,Man,34,631,364,48,99
9.21,267,1,person,0.64,Man,34,631,366,50,115
9.21,267,4,person,0.674,Man,28,575,305,39,111
9.24,268,1,person,0.693,Man,34,632,368,50,118
9.28,269,1,person,0.801,Man,34,632,370,49,121
9.28,269,4,person,0.648,Man,28,575,311,40,112
9.31,270,1,person,0.825,Man,34,633,369,46,129
9.31,270,4,person,0.642,Man,28,577,310,37,113
9.34,271,1,person,0.807,Man,34,633,367,45,138
9.34,271,4,person,0.553,Man,28,577,309,36,92
9.38,272,1,person,0.77,Man,34,632,369,46,135
9.38,272,4,person,0.677,Man,28,577,308,38,96
9.41,273,1,person,0.786,Man,34,631,371,45,128
9.41,273,4,person,0.722,Man,28,576,310,40,98
9.45,274,1,person,0.8,Man,34,630,372,46,123
9.45,274,4,person,0.764,Man,28,575,311,41,103
9.48,275,1,person,0.802,Man,34,630,371,46,118
9.48,275,4,person,0.646,Man,28,574,310,42,106
9.52,276,1,person,0.82,Man,34,631,369,45,130
9.52,276,4,person,0.68,Man,28,575,308,40,111
9.55,277,1,person,0.811,Man,34,631,369,45,138
9.55,277,4,person,0.757,Man,28,575,307,40,115
9.59,278,1,person,0.803,Man,34,631,371,46,133
9.59,278,4,person,0.721,Man,28,577,309,40,115
9.62,279,1,person,0.788,Man,34,633,373,44,121
9.62,279,4,person,0.727,Man,28,577,312,41,113
9.66,280,1,person,0.831,Man,34,633,374,45,118
9.66,280,4,person,0.695,Man,28,578,314,38,109
9.69,281,1,person,0.804,Man,34,634,374,43,123
9.72,282,1,person,0.758,Man,34,634,372,43,128
9.76,283,1,person,0.751,Man,34,635,373,42,133
9.76,283,4,person,0.606,Man,28,578,310,37,116
9.79,284,1,person,0.718,Man,34,633,374,43,129
9.79,284,4,person,0.69,Man,28,580,312,33,108
9.83,285,1,person,0.775,Man,34,633,377,41,122
9.83,285,4,person,0.721,Man,28,581,314,32,103
9.86,286,1,person,0.771,Man,34,632,379,44,121
9.86,286,4,person,0.732,Man,28,579,313,35,108
9.9,287,1,person,0.752,Man,34,632,378,45,116
9.9,287,4,person,0.553,Man,28,577,312,37,108
9.93,288,1,person,0.715,Man,34,632,375,45,113
9.93,288,4,person,0.725,Man,28,578,310,36,112
9.97,289,1,person,0.691,Man,34,633,373,46,115
9.97,289,4,person,0.686,Man,28,580,311,35,113
10.0,290,1,person,0.668,Man,34,634,373,46,103
10.0,290,4,person,0.651,Man,28,580,313,36,105
10.03,291,1,person,0.75,Man,34,635,375,46,113
10.03,291,4,person,0.688,Man,28,583,316,32,100
10.07,292,1,person,0.799,Man,34,636,375,44,119
10.07,292,4,person,0.629,Man,28,585,317,31,98
10.1,293,1,person,0.808,Man,34,637,375,43,116
10.1,293,4,person,0.711,Man,28,585,313,33,105
10.14,294,1,person,0.802,Man,34,636,375,44,126
10.14,294,4,person,0.75,Man,28,586,312,31,104
10.17,295,1,person,0.746,Man,34,636,375,44,127
10.17,295,4,person,0.772,Man,28,586,312,31,105
10.21,296,1,person,0.7,Man,34,637,377,43,120
10.21,296,4,person,0.729,Man,28,583,312,35,107
10.24,297,1,person,0.815,Man,34,637,378,43,116
10.24,297,4,person,0.687,Man,28,582,312,37,102
10.28,298,1,person,0.853,Man,34,636,377,44,115
10.28,298,4,person,0.719,Man,28,584,311,36,103
10.31,299,1,person,0.725,Man,34,636,375,48,125
10.31,299,4,person,0.738,Man,28,584,310,36,104
10.34,300,1,person,0.765,Man,34,636,374,46,129
10.34,300,4,person,0.732,Man,28,585,310,36,104
10.38,301,1,person,0.764,Man,34,636,372,47,132
10.38,301,4,person,0.715,Man,28,587,310,36,105
10.41,302,1,person,0.808,Man,34,637,373,47,126
10.41,302,4,person,0.714,Man,28,589,312,36,99
10.45,303,1,person,0.796,Man,34,639,373,48,126
10.45,303,4,person,0.773,Man,28,590,311,37,100
10.48,304,1,person,0.843,Man,34,639,373,47,127
10.48,304,4,person,0.798,Man,28,592,311,36,101
10.52,305,1,person,0.794,Man,34,640,372,45,133
10.52,305,4,person,0.828,Man,28,593,309,36,107
10.55,306,1,person,0.773,Man,34,639,370,46,140
10.55,306,4,person,0.761,Man,28,595,309,36,108
10.59,307,1,person,0.793,Man,34,639,372,45,133
10.59,307,4,person,0.767,Man,28,596,311,34,104
10.62,308,1,person,0.785,Man,34,638,373,45,126
10.62,308,4,person,0.705,Man,28,596,312,34,101
10.66,309,1,person,0.791,Man,34,638,374,44,119
10.66,309,4,person,0.733,Man,28,597,312,33,100
10.69,310,1,person,0.781,Man,34,637,370,45,124
10.69,310,4,person,0.736,Man,28,598,310,33,105
10.72,311,1,person,0.826,Man,34,637,369,47,130
10.72,311,4,person,0.743,Man,28,598,309,33,110
10.76,312,1,person,0.805,Man,34,635,369,51,131
10.76,312,4,person,0.78,Man,28,598,310,33,103
10.79,313,1,person,0.772,Man,34,636,371,50,120
10.79,313,4,person,0.768,Man,28,599,311,31,101
10.83,314,1,person,0.81,Man,34,635,370,52,120
10.83,314,4,person,0.75,Man,28,600,311,30,103
10.86,315,1,person,0.816,Man,34,635,372,49,120
10.86,315,4,person,0.784,Man,28,600,309,31,104
10.9,316,1,person,0.803,Man,34,635,370,46,130
10.9,316,4,person,0.718,Man,28,599,306,31,111
10.93,317,1,person,0.8,Man,34,635,370,44,133
10.93,317,4,person,0.731,Man,28,598,304,32,109
10.97,318,1,person,0.79,Man,34,635,371,43,129
10.97,318,4,person,0.713,Man,28,596,306,34,102
11.0,319,1,person,0.811,Man,34,633,374,44,121
11.0,319,4,person,0.759,Man,28,594,309,34,99
11.03,320,1,person,0.828,Man,34,632,374,45,123
11.03,320,4,person,0.748,Man,28,593,309,34,97
11.07,321,1,person,0.847,Man,34,632,373,44,121
11.07,321,4,person,0.774,Man,28,591,306,33,102
11.1,322,1,person,0.821,Man,34,632,373,45,125
11.1,322,4,person,0.756,Man,28,591,306,32,104
11.14,323,1,person,0.825,Man,34,632,372,46,124
11.14,323,4,person,0.768,Man,28,590,308,31,101
11.17,324,1,person,0.783,Man,34,633,373,49,116
11.17,324,4,person,0.791,Man,28,589,310,31,92
11.21,325,1,person,0.76,Man,34,634,375,50,115
11.21,325,4,person,0.748,Man,28,589,312,30,85
11.24,326,1,person,0.752,Man,34,635,376,47,118
11.24,326,4,person,0.786,Man,28,589,312,29,86
11.28,327,1,person,0.75,Man,34,635,375,44,124
11.28,327,4,person,0.778,Man,28,588,311,30,90
11.31,328,1,person,0.763,Man,34,635,374,43,132
11.31,328,4,person,0.76,Man,28,586,310,33,94
11.34,329,1,person,0.759,Man,34,634,375,43,125
11.34,329,4,person,0.757,Man,28,584,311,34,90
11.38,330,1,person,0.797,Man,34,633,376,45,122
11.38,330,4,person,0.731,Man,28,583,312,35,90
11.41,331,1,person,0.779,Man,34,634,377,45,116
11.41,331,4,person,0.794,Man,28,582,310,33,96
11.45,332,1,person,0.837,Man,34,634,378,45,113
11.45,332,4,person,0.767,Man,28,580,308,33,100
11.48,333,1,person,0.803,Man,34,634,376,46,125
11.48,333,4,person,0.751,Man,28,580,307,32,102
11.52,334,1,person,0.804,Man,34,635,375,45,131
11.52,334,4,person,0.751,Man,28,579,309,32,95
11.55,335,1,person,0.606,Man,34,637,375,46,133
11.55,335,4,person,0.722,Man,28,579,311,33,88
11.59,336,1,person,0.741,Man,34,639,379,46,117
11.59,336,4,person,0.751,Man,28,580,312,33,82
11.62,337,1,person,0.724,Man,34,640,381,47,113
11.62,337,4,person,0.696,Man,28,580,311,32,84
11.66,338,1,person,0.77,Man,34,640,380,44,122
11.66,338,4,person,0.508,Man,28,580,308,33,85
11.69,339,1,person,0.769,Man,34,641,378,41,127
11.69,339,4,person,0.7,Man,28,581,307,33,90
11.72,340,1,person,0.756,Man,34,642,378,40,128
11.72,340,4,person,0.687,Man,28,581,308,32,91
11.76,341,1,person,0.704,Man,34,643,378,39,120
11.76,341,4,person,0.731,Man,28,579,309,35,89
11.79,342,1,person,0.75,Man,34,643,381,41,113
11.79,342,4,person,0.753,Man,28,578,310,36,90
11.83,343,1,person,0.749,Man,34,644,384,43,113
11.83,343,4,person,0.759,Man,28,578,309,35,95
11.86,344,1,person,0.769,Man,34,645,385,45,113
11.86,344,4,person,0.682,Man,28,577,310,37,98
11.9,345,1,person,0.779,Man,34,646,385,45,118
11.9,345,4,person,0.772,Man,28,576,311,36,94
11.93,346,1,person,0.761,Man,34,646,385,45,123
11.93,346,4,person,0.694,Man,28,577,313,34,83
11.97,347,1,person,0.761,Man,34,647,387,48,119
11.97,347,4,person,0.744,Man,28,578,313,30,81
12.0,348,1,person,0.751,Man,34,648,390,48,114
12.0,348,4,person,0.74,Man,28,576,312,30,84
12.03,349,1,person,0.756,Man,34,649,390,45,118
12.03,349,4,person,0.682,Man,28,574,310,32,85
12.07,350,1,person,0.753,Man,34,651,391,43,121
12.07,350,4,person,0.554,Man,28,568,310,40,92
12.1,351,1,person,0.739,Man,34,651,389,41,129
12.1,351,4,person,0.736,Man,28,569,312,34,87
12.14,352,1,person,0.686,Man,34,651,387,42,136
12.14,352,4,person,0.719,Man,28,567,311,35,90
12.17,353,1,person,0.66,Man,34,651,390,44,118
12.17,353,4,person,0.781,Man,28,565,309,38,93
12.21,354,1,person,0.729,Man,34,652,392,45,108
12.21,354,4,person,0.755,Man,28,564,306,38,93
12.24,355,1,person,0.738,Man,34,653,395,46,104
12.24,355,4,person,0.682,Man,28,564,304,36,94
12.28,356,1,person,0.754,Man,34,653,390,48,106
12.28,356,4,person,0.661,Man,28,564,305,34,91
12.31,357,1,person,0.781,Man,34,654,387,49,111
12.31,357,4,person,0.702,Man,28,564,305,33,91
12.34,358,1,person,0.797,Man,34,655,387,50,115
12.34,358,4,person,0.706,Man,28,565,304,30,94
12.38,359,1,person,0.803,Man,34,656,390,51,115
12.38,359,4,person,0.652,Man,28,564,302,30,97
12.41,360,1,person,0.734,Man,34,658,394,48,114
12.41,360,4,person,0.684,Man,28,564,300,30,99
12.45,361,1,person,0.791,Man,34,660,395,43,118
12.45,361,4,person,0.678,Man,28,565,299,32,102
12.48,362,1,person,0.761,Man,34,662,394,40,124
12.48,362,4,person,0.705,Man,28,564,301,34,101
12.52,363,1,person,0.767,Man,34,662,393,43,133
12.52,363,4,person,0.764,Man,28,564,302,35,101
12.55,364,1,person,0.705,Man,34,662,394,42,133
12.55,364,4,person,0.772,Man,28,562,303,38,102
12.59,365,1,person,0.719,Man,34,662,398,46,137
12.59,365,4,person,0.778,Man,28,562,302,39,102
12.62,366,1,person,0.618,Man,34,662,399,46,138
12.62,366,4,person,0.713,Man,28,563,303,39,102
12.66,367,1,person,0.707,Man,34,662,398,48,137
12.66,367,4,person,0.769,Man,28,563,305,37,99
12.69,368,1,person,0.764,Man,34,663,395,51,128
12.69,368,4,person,0.692,Man,28,564,309,34,92
12.72,369,1,person,0.793,Man,34,663,394,51,123
12.72,369,4,person,0.695,Man,28,562,309,37,95
12.76,370,1,person,0.722,Man,34,662,394,51,120
12.76,370,4,person,0.689,Man,28,561,306,35,98
12.79,371,1,person,0.725,Man,34,661,393,51,117
12.79,371,4,person,0.53,Man,28,560,305,38,102
12.83,372,1,person,0.75,Man,34,658,393,50,121
12.83,372,4,person,0.696,Man,28,559,307,37,93
12.86,373,1,person,0.675,Man,34,659,393,46,115
12.86,373,4,person,0.66,Man,28,558,306,35,85
12.9,374,1,person,0.666,Man,34,660,389,43,120
12.9,374,4,person,0.715,Man,28,554,302,40,86
12.93,375,1,person,0.606,Man,34,659,385,45,130
12.93,375,4,person,0.759,Man,28,556,298,36,91
12.97,376,1,person,0.687,Man,34,657,384,45,134
12.97,376,4,person,0.696,Man,28,556,296,37,95
13.0,377,1,person,0.718,Man,34,657,386,44,120
13.0,377,4,person,0.712,Man,28,556,298,35,95
13.03,378,1,person,0.684,Man,34,657,387,43,116
13.03,378,4,person,0.632,Man,28,558,300,32,94
13.07,379,1,person,0.78,Man,34,660,387,44,117
13.07,379,4,person,0.718,Man,28,559,299,33,98
13.1,380,1,person,0.738,Man,34,660,384,47,119
13.1,380,4,person,0.751,Man,28,559,296,38,105
13.14,381,1,person,0.79,Man,34,661,381,49,128
13.14,381,4,person,0.68,Man,28,559,296,35,102
13.17,382,1,person,0.773,Man,34,662,380,49,128
13.17,382,4,person,0.641,Man,28,561,297,32,78
13.21,383,1,person,0.759,Man,34,662,383,50,120
13.21,383,4,person,0.647,Man,28,561,298,31,76
13.24,384,1,person,0.732,Man,34,663,388,47,109
13.24,384,4,person,0.688,Man,28,560,297,34,82
13.28,385,1,person,0.757,Man,34,663,389,46,115
13.28,385,4,person,0.769,Man,28,559,296,35,90
13.31,386,1,person,0.757,Man,34,663,388,45,124
13.31,386,4,person,0.783,Man,28,559,296,37,94
13.34,387,1,person,0.683,Man,34,660,388,48,128
13.34,387,4,person,0.753,Man,28,560,295,38,98
13.38,388,1,person,0.532,Man,34,662,389,47,131
13.38,388,4,person,0.689,Man,28,562,296,38,101
13.41,389,1,person,0.72,Man,34,663,392,46,129
13.41,389,4,person,0.675,Man,28,564,297,35,101
13.45,390,1,person,0.802,Man,34,664,394,47,133
13.45,390,4,person,0.721,Man,28,567,296,32,103
13.48,391,1,person,0.823,Man,34,663,394,51,134
13.48,391,4,person,0.615,Man,28,568,295,32,108
13.52,392,1,person,0.77,Man,34,663,393,52,130
13.52,392,4,person,0.622,Man,28,568,296,35,105
13.55,393,1,person,0.756,Man,34,663,390,52,140
13.55,393,4,person,0.676,Man,28,568,295,37,102
13.59,394,1,person,0.746,Man,34,662,390,52,131
13.59,394,4,person,0.525,Man,28,571,296,33,76
13.62,395,1,person,0.775,Man,34,663,393,50,125
13.62,395,4,person,0.698,Man,28,569,295,38,98
13.66,396,1,person,0.74,Man,34,662,394,49,126
13.66,396,4,person,0.758,Man,28,567,295,40,107
13.69,397,1,person,0.678,Man,34,664,394,43,131
13.69,397,4,person,0.726,Man,28,565,295,43,112
13.72,398,1,person,0.716,Man,34,665,393,41,139
13.72,398,4,person,0.706,Man,28,569,297,39,109
13.76,399,1,person,0.656,Man,34,665,391,47,150
13.76,399,4,person,0.76,Man,28,571,300,40,104
13.79,400,1,person,0.623,Man,34,664,391,50,154
13.79,400,4,person,0.755,Man,28,575,302,40,112
13.83,401,1,person,0.677,Man,34,663,393,46,141
13.83,401,4,person,0.663,Man,28,579,302,38,115
13.86,402,1,person,0.779,Man,34,663,395,45,126
13.86,402,4,person,0.64,Man,28,582,302,38,117
13.9,403,1,person,0.677,Man,34,663,397,47,123
13.9,403,4,person,0.536,Man,28,583,302,39,121
13.93,404,1,person,0.759,Man,34,662,395,48,129
13.97,405,1,person,0.709,Man,34,662,393,50,135
14.0,406,1,person,0.717,Man,34,660,392,53,132
14.03,407,1,person,0.778,Man,34,659,392,54,130
14.03,407,4,person,0.585,Man,28,583,301,33,101
14.07,408,1,person,0.77,Man,34,660,393,52,128
14.1,409,1,person,0.809,Man,34,659,390,52,135
14.14,410,1,person,0.791,Man,34,659,385,49,144
14.14,410,4,person,0.652,Man,28,585,302,33,90
14.17,411,1,person,0.77,Man,34,658,382,47,147
14.17,411,4,person,0.717,Man,28,585,301,34,92
14.21,412,1,person,0.696,Man,34,657,383,45,143
14.21,412,4,person,0.695,Man,28,585,299,33,96
14.24,413,1,person,0.692,Man,34,657,385,49,149
14.24,413,4,person,0.64,Man,28,580,296,38,96
14.28,414,1,person,0.67,Man,34,657,387,51,146
14.28,414,4,person,0.63,Man,28,582,296,36,97
14.31,415,1,person,0.74,Man,34,657,387,54,140
14.31,415,4,person,0.59,Man,28,581,299,36,94
14.34,416,1,person,0.729,Man,34,657,383,53,148
14.34,416,4,person,0.609,Man,28,581,299,35,96
14.38,417,1,person,0.741,Man,34,657,381,52,153
14.38,417,4,person,0.704,Man,28,580,298,34,99
14.41,418,1,person,0.796,Man,34,659,381,52,147
14.41,418,4,person,0.768,Man,28,580,295,34,105
14.45,419,1,person,0.745,Man,34,660,383,54,140
14.45,419,4,person,0.717,Man,28,580,294,36,112
14.48,420,1,person,0.672,Man,34,659,386,56,136
14.48,420,4,person,0.657,Man,28,580,295,37,114
14.52,421,1,person,0.736,Man,34,660,389,54,138
14.52,421,4,person,0.655,Man,28,581,297,34,95
14.55,422,1,person,0.792,Man,34,663,389,51,144
14.55,422,4,person,0.65,Man,28,582,297,33,96
14.59,423,1,person,0.795,Man,34,664,390,50,146
14.59,423,4,person,0.633,Man,28,581,294,38,110
14.62,424,1,person,0.782,Man,34,665,391,52,144
14.62,424,4,person,0.683,Man,28,580,294,40,104
14.66,425,1,person,0.729,Man,34,666,393,52,153
14.66,425,4,person,0.63,Man,28,582,295,36,98
14.69,426,1,person,0.731,Man,34,667,396,53,156
14.72,427,1,person,0.782,Man,34,669,397,51,140
14.72,427,4,person,0.594,Man,28,583,296,34,99
14.76,428,1,person,0.786,Man,34,670,396,53,139
14.76,428,4,person,0.709,Man,28,584,296,34,97
14.79,429,1,person,0.769,Man,34,671,391,55,145
14.79,429,4,person,0.685,Man,28,584,296,33,97
14.83,430,1,person,0.819,Man,34,672,390,53,142
14.83,430,4,person,0.729,Man,28,586,297,33,98
14.86,431,1,person,0.78,Man,34,672,396,55,130
14.86,431,4,person,0.669,Man,28,587,302,35,92
14.9,432,1,person,0.841,Man,34,674,399,53,125
14.9,432,4,person,0.676,Man,28,589,305,35,94
14.93,433,1,person,0.808,Man,34,676,401,47,125
14.93,433,4,person,0.757,Man,28,592,307,36,97
14.97,434,1,person,0.82,Man,34,676,402,47,135
14.97,434,4,person,0.758,Man,28,592,305,38,106
15.0,435,1,person,0.837,Man,34,676,401,48,137
15.0,435,4,person,0.757,Man,28,594,304,38,112
15.03,436,1,person,0.816,Man,34,675,401,49,136
15.03,436,4,person,0.713,Man,28,597,307,37,110
15.07,437,1,person,0.743,Man,34,673,402,52,131
15.07,437,4,person,0.641,Man,28,599,311,34,107
15.1,438,1,person,0.742,Man,34,671,405,54,126
15.1,438,4,person,0.648,Man,28,599,314,35,104
15.14,439,1,person,0.786,Man,34,670,405,57,133
15.14,439,4,person,0.636,Man,28,600,316,36,109
15.17,440,1,person,0.777,Man,34,670,402,56,142
15.17,440,4,person,0.619,Man,28,600,317,37,111
15.21,441,1,person,0.799,Man,34,669,401,56,151
15.21,441,4,person,0.566,Man,28,602,317,35,102
15.24,442,1,person,0.744,Man,34,668,402,56,137
15.24,442,4,person,0.593,Man,28,602,321,34,95
15.28,443,1,person,0.652,Man,34,668,403,55,117
15.31,444,1,person,0.751,Man,34,667,405,52,126
15.31,444,4,person,0.71,Man,28,605,325,33,97
15.34,445,1,person,0.743,Man,34,666,404,50,135
15.34,445,4,person,0.735,Man,28,606,323,33,103
15.38,446,1,person,0.745,Man,34,665,402,48,138
15.38,446,4,person,0.672,Man,28,605,320,34,105
15.41,447,1,person,0.747,Man,34,663,400,47,140
15.41,447,4,person,0.71,Man,28,605,319,33,96
15.45,448,1,person,0.792,Man,34,662,399,46,142
15.45,448,4,person,0.693,Man,28,606,321,33,106
15.48,449,1,person,0.685,Man,34,661,400,50,145
15.48,449,4,person,0.682,Man,28,606,323,35,96
15.52,450,1,person,0.719,Man,34,657,400,52,141
15.52,450,4,person,0.678,Man,28,605,324,37,92
15.55,451,1,person,0.733,Man,34,654,399,54,128
15.55,451,4,person,0.692,Man,28,603,323,38,91
15.59,452,1,person,0.762,Man,34,654,397,55,131
15.59,452,4,person,0.638,Man,28,603,321,38,96
15.62,453,1,person,0.76,Man,34,654,393,54,138
15.62,453,4,person,0.572,Man,28,603,319,36,93
15.66,454,1,person,0.74,Man,34,654,392,52,143
15.66,454,4,person,0.72,Man,28,603,321,35,86
15.69,455,1,person,0.741,Man,34,652,395,53,141
15.69,455,4,person,0.671,Man,28,604,323,34,82
15.72,456,1,person,0.777,Man,34,652,398,54,127
15.72,456,4,person,0.695,Man,28,604,322,34,85
15.76,457,1,person,0.81,Man,34,652,399,55,127
15.76,457,4,person,0.744,Man,28,603,320,32,88
15.79,458,1,person,0.814,Man,34,652,400,54,129
15.79,458,4,person,0.66,Man,28,602,318,33,92
15.83,459,1,person,0.804,Man,34,652,400,55,131
15.83,459,4,person,0.662,Man,28,602,316,32,94
15.86,460,1,person,0.784,Man,34,653,400,52,137
15.86,460,4,person,0.692,Man,28,601,317,33,91
15.9,461,1,person,0.779,Man,34,654,400,50,139
15.9,461,4,person,0.618,Man,28,599,318,34,93
15.93,462,1,person,0.771,Man,34,653,404,51,134
15.93,462,4,person,0.632,Man,28,596,316,39,100
15.97,463,1,person,0.803,Man,34,653,407,52,133
15.97,463,4,person,0.664,Man,28,597,315,38,104
16.0,464,1,person,0.831,Man,34,654,406,52,135
16.0,464,4,person,0.633,Man,28,597,315,39,106
16.03,465,1,person,0.806,Man,34,654,403,52,137
16.03,465,4,person,0.655,Man,28,598,318,37,100
16.07,466,1,person,0.749,Man,34,656,401,50,135
16.07,466,4,person,0.639,Man,28,600,320,37,97
16.1,467,1,person,0.711,Man,34,659,403,53,137
16.1,467,4,person,0.679,Man,28,601,321,36,96
16.14,468,1,person,0.798,Man,34,662,405,50,131
16.14,468,4,person,0.73,Man,28,604,320,33,103
16.17,469,1,person,0.732,Man,34,664,408,50,128
16.17,469,4,person,0.64,Man,28,605,319,34,98
16.21,470,1,person,0.784,Man,34,665,410,47,127
16.21,470,4,person,0.687,Man,28,607,319,33,97
16.24,471,1,person,0.808,Man,34,664,409,48,135
16.24,471,4,person,0.694,Man,28,608,319,33,96
16.28,472,1,person,0.777,Man,34,663,409,49,131
16.28,472,4,person,0.734,Man,28,609,321,32,95
16.31,473,1,person,0.743,Man,34,662,409,49,128
16.31,473,4,person,0.721,Man,28,609,320,34,101
16.34,474,1,person,0.754,Man,34,660,410,52,123
16.34,474,4,person,0.677,Man,28,612,319,33,102
16.38,475,1,person,0.664,Man,34,660,410,53,120
16.38,475,4,person,0.68,Man,28,612,317,35,108
16.41,476,1,person,0.706,Man,34,660,410,54,123
16.41,476,4,person,0.702,Man,28,614,318,35,109
16.45,477,1,person,0.826,Man,34,662,407,51,123
16.45,477,4,person,0.768,Man,28,617,320,35,104
16.48,478,1,person,0.773,Man,34,663,405,49,124
16.48,478,4,person,0.726,Man,28,619,322,35,103
16.52,479,1,person,0.732,Man,34,664,405,50,122
16.52,479,4,person,0.7,Man,28,620,322,35,102
16.55,480,1,person,0.663,Man,34,664,406,49,119
16.55,480,4,person,0.723,Man,28,621,321,35,97
16.59,481,1,person,0.741,Man,34,663,407,49,117
16.59,481,4,person,0.773,Man,28,623,320,35,95
16.62,482,1,person,0.745,Man,34,664,404,45,124
16.62,482,4,person,0.713,Man,28,625,321,35,94
16.66,483,1,person,0.728,Man,34,660,403,47,123
16.66,483,4,person,0.736,Man,28,626,324,35,93
16.69,484,1,person,0.772,Man,34,657,403,47,123
16.69,484,4,person,0.699,Man,28,625,328,35,90
16.72,485,1,person,0.759,Man,34,655,403,47,127
16.72,485,4,person,0.739,Man,28,625,329,37,89
16.76,486,1,person,0.743,Man,34,652,405,48,130
16.76,486,4,person,0.724,Man,28,628,329,35,89
16.79,487,1,person,0.722,Man,34,647,405,53,129
16.79,487,4,person,0.719,Man,28,631,328,33,93
16.83,488,1,person,0.76,Man,34,647,404,52,132
16.83,488,4,person,0.735,Man,28,633,328,33,95
16.86,489,1,person,0.745,Man,34,647,402,52,136
16.86,489,4,person,0.745,Man,28,634,330,34,95
16.9,490,1,person,0.807,Man,34,646,401,53,131
16.9,490,4,person,0.623,Man,28,634,333,36,94
16.93,491,1,person,0.774,Man,34,646,402,51,122
16.93,491,4,person,0.602,Man,28,637,335,36,94
16.97,492,1,person,0.667,Man,34,646,402,51,119
16.97,492,4,person,0.609,Man,28,642,334,34,77
17.0,493,1,person,0.732,Man,34,646,401,48,120
17.0,493,4,person,0.615,Man,28,646,333,34,83
17.03,494,1,person,0.762,Man,34,645,399,47,124
17.03,494,4,person,0.648,Man,28,650,332,32,71
17.07,495,1,person,0.695,Man,34,644,397,45,132
17.07,495,4,person,0.67,Man,28,652,334,32,75
17.1,496,1,person,0.729,Man,34,641,394,46,140
17.1,496,4,person,0.668,Man,28,653,336,32,71
17.14,497,1,person,0.777,Man,34,639,395,46,129
17.14,497,4,person,0.641,Man,28,655,337,32,67
17.17,498,1,person,0.777,Man,34,637,397,46,125
17.17,498,4,person,0.645,Man,28,659,338,30,74
17.21,499,1,person,0.791,Man,34,633,397,48,123
17.21,499,4,person,0.541,Man,28,663,339,31,77
17.24,500,1,person,0.755,Man,34,629,394,50,130
17.24,500,4,person,0.642,Man,28,665,340,32,73
17.28,501,1,person,0.828,Man,34,628,390,50,133
17.28,501,4,person,0.68,Man,28,669,341,31,66
17.31,502,1,person,0.807,Man,34,627,387,50,133
17.31,502,4,person,0.735,Man,28,673,343,31,66
17.34,503,1,person,0.823,Man,34,627,387,49,123
17.34,503,4,person,0.656,Man,28,677,342,32,70
17.38,504,1,person,0.812,Man,34,625,387,50,118
17.38,504,4,person,0.71,Man,28,679,341,33,73
17.41,505,1,person,0.796,Man,34,624,386,48,113
17.41,505,4,person,0.746,Man,28,680,340,34,79
17.45,506,1,person,0.849,Man,34,621,383,48,108
17.45,506,4,person,0.783,Man,28,681,341,34,79
17.48,507,1,person,0.8,Man,34,620,380,47,117
17.48,507,4,person,0.76,Man,28,683,343,33,79
17.52,508,1,person,0.785,Man,34,616,378,49,124
17.52,508,4,person,0.757,Man,28,686,344,32,79
17.55,509,1,person,0.804,Man,34,611,377,50,120
17.55,509,4,person,0.727,Man,28,688,344,31,79
17.59,510,1,person,0.848,Man,34,606,378,50,116
17.59,510,4,person,0.593,Man,28,691,344,29,70
17.62,511,1,person,0.821,Man,34,603,378,50,114
17.66,512,1,person,0.825,Man,34,600,376,49,117
17.66,512,4,person,0.619,Man,28,695,343,31,63
17.69,513,1,person,0.784,Man,34,596,371,49,125
17.69,513,4,person,0.538,Man,28,698,344,29,56
17.72,514,1,person,0.781,Man,34,595,369,46,126
17.72,514,4,person,0.663,Man,28,697,341,31,63
17.76,515,1,person,0.77,Man,34,594,368,43,125
17.76,515,4,person,0.59,Man,28,697,338,33,61
17.79,516,1,person,0.773,Man,34,592,368,44,120
17.79,516,4,person,0.599,Man,28,696,336,34,72
17.83,517,1,person,0.791,Man,34,589,368,44,115
17.83,517,4,person,0.586,Man,28,695,335,35,76
17.86,518,1,person,0.796,Man,34,587,365,45,116
17.86,518,4,person,0.635,Man,28,693,336,36,77
17.9,519,1,person,0.68,Man,34,585,362,44,112
17.9,519,4,person,0.691,Man,28,693,336,34,80
17.93,520,1,person,0.723,Man,34,581,359,45,109
17.93,520,4,person,0.679,Man,28,693,335,34,82
17.97,521,1,person,0.771,Man,34,578,360,45,108
17.97,521,4,person,0.641,Man,28,692,334,36,85
18.0,522,1,person,0.842,Man,34,575,361,45,108
18.0,522,4,person,0.659,Man,28,688,334,40,87
18.03,523,1,person,0.851,Man,34,573,361,45,112
18.03,523,4,person,0.638,Man,28,683,335,46,89
18.07,524,1,person,0.75,Man,34,570,360,45,113
18.07,524,4,person,0.577,Man,28,682,337,48,87
18.1,525,1,person,0.663,Man,34,572,359,40,98
18.1,525,4,person,0.649,Man,28,691,337,40,84
18.14,526,1,person,0.691,Man,34,574,358,38,98
18.14,526,4,person,0.603,Man,28,699,337,33,75
18.17,527,1,person,0.695,Man,34,575,358,35,84
18.17,527,4,person,0.608,Man,28,701,336,32,76
18.21,528,1,person,0.654,Man,34,576,359,35,79
18.21,528,4,person,0.669,Man,28,702,337,33,72
18.24,529,1,person,0.524,Man,34,577,362,36,76
18.28,530,1,person,0.572,Man,34,579,364,35,74
18.28,530,4,person,0.617,Man,28,708,339,28,63
18.31,531,1,person,0.679,Man,34,579,362,37,95
18.31,531,4,person,0.623,Man,28,710,339,27,62
18.34,532,1,person,0.638,Man,34,577,361,41,86
18.34,532,4,person,0.652,Man,28,712,339,27,65
18.38,533,1,person,0.631,Man,34,578,358,40,89
18.38,533,4,person,0.666,Man,28,712,340,30,67
18.41,534,1,person,0.757,Man,34,577,358,41,100
18.41,534,4,person,0.635,Man,28,712,341,31,67
18.45,535,1,person,0.822,Man,34,575,358,43,106
18.45,535,4,person,0.627,Man,28,713,342,31,66
18.48,536,1,person,0.811,Man,34,575,359,44,109
18.48,536,4,person,0.626,Man,28,712,339,32,73
18.52,537,1,person,0.822,Man,34,575,359,43,111
18.52,537,4,person,0.645,Man,28,711,338,32,69
18.55,538,1,person,0.786,Man,34,576,357,40,112
18.55,538,4,person,0.687,Man,28,709,338,32,69
18.59,539,1,person,0.755,Man,34,575,356,40,115
18.59,539,4,person,0.655,Man,28,707,338,34,73
18.62,540,1,person,0.701,Man,34,576,356,36,97
18.62,540,4,person,0.626,Man,28,709,338,32,77
18.66,541,1,person,0.686,Man,34,577,359,34,82
18.66,541,4,person,0.575,Man,28,709,336,30,81
18.69,542,1,person,0.573,Man,34,575,358,34,87
18.69,542,4,person,0.642,Man,28,709,336,28,70
18.72,543,1,person,0.707,Man,34,573,356,35,81
18.72,543,4,person,0.625,Man,28,708,335,28,79
18.76,544,1,person,0.723,Man,34,571,354,36,83
18.76,544,4,person,0.676,Man,28,708,336,28,80
18.79,545,1,person,0.661,Man,34,568,351,37,92
18.79,545,4,person,0.661,Man,28,708,335,28,74
18.83,546,1,person,0.631,Man,34,565,350,39,88
18.83,546,4,person,0.758,Man,28,707,335,29,72
18.86,547,1,person,0.645,Man,34,562,350,41,99
18.86,547,4,person,0.664,Man,28,705,334,30,69
18.9,548,1,person,0.633,Man,34,560,348,46,106
18.9,548,4,person,0.668,Man,28,702,333,32,66
18.93,549,1,person,0.616,Man,34,559,348,38,87
18.93,549,4,person,0.682,Man,28,701,333,33,63
18.97,550,1,person,0.614,Man,34,557,345,38,104
18.97,550,4,person,0.677,Man,28,700,333,33,65
19.0,551,1,person,0.678,Man,34,556,343,40,111
19.0,551,4,person,0.715,Man,28,698,335,33,73
19.03,552,1,person,0.64,Man,34,554,342,38,115
19.03,552,4,person,0.689,Man,28,697,336,32,74
19.07,553,1,person,0.616,Man,34,553,344,36,115
19.07,553,4,person,0.628,Man,28,695,335,35,80
19.1,554,1,person,0.568,Man,34,553,346,33,96
19.1,554,4,person,0.616,Man,28,696,334,32,67
19.14,555,1,person,0.542,Man,34,551,345,34,96
19.14,555,4,person,0.571,Man,28,696,333,32,63
19.17,556,1,person,0.617,Man,34,551,344,34,94
19.17,556,4,person,0.609,Man,28,696,332,33,61
19.21,557,1,person,0.653,Man,34,550,342,35,96
19.21,557,4,person,0.61,Man,28,696,332,33,61
19.24,558,1,person,0.645,Man,34,551,341,34,94
19.24,558,4,person,0.608,Man,28,696,332,33,62
19.28,559,1,person,0.627,Man,34,551,342,34,86
19.28,559,4,person,0.592,Man,28,694,331,34,72
19.31,560,1,person,0.536,Man,34,551,341,37,93
19.31,560,4,person,0.679,Man,28,692,330,35,79
19.34,561,1,person,0.685,Man,34,552,341,38,105
19.34,561,4,person,0.727,Man,28,688,329,36,73
19.38,562,1,person,0.541,Man,34,553,340,37,94
19.38,562,4,person,0.69,Man,28,685,329,38,72
19.41,563,1,person,0.637,Man,34,555,339,35,84
19.41,563,4,person,0.633,Man,28,682,329,39,64
19.45,564,1,person,0.507,Man,34,556,339,36,83
19.45,564,4,person,0.614,Man,28,677,330,39,72
19.48,565,1,person,0.599,Man,34,558,342,35,85
19.48,565,4,person,0.664,Man,28,676,330,36,63
19.52,566,1,person,0.678,Man,34,560,345,34,84
19.52,566,4,person,0.695,Man,28,677,329,31,60
19.55,567,1,person,0.737,Man,34,561,347,36,83
19.55,567,4,person,0.627,Man,28,677,329,29,57
19.59,568,1,person,0.784,Man,34,562,346,37,91
19.59,568,4,person,0.587,Man,28,677,328,29,56
19.62,569,1,person,0.755,Man,34,563,346,37,93
19.62,569,4,person,0.536,Man,28,677,327,29,71
19.66,570,1,person,0.696,Man,34,564,346,38,94
19.66,570,4,person,0.551,Man,28,676,328,31,66
19.69,571,1,person,0.656,Man,34,565,346,41,99
19.69,571,4,person,0.53,Man,28,676,327,31,63
19.72,572,1,person,0.683,Man,34,566,345,41,101
19.72,572,4,person,0.704,Man,28,674,325,31,63
19.76,573,1,person,0.567,Man,34,568,342,39,92
19.76,573,4,person,0.584,Man,28,672,322,33,80
19.79,574,1,person,0.643,Man,34,570,340,37,83
19.79,574,4,person,0.527,Man,28,669,320,36,87
19.83,575,1,person,0.649,Man,34,573,342,34,84
19.83,575,4,person,0.664,Man,28,668,321,35,74
19.86,576,1,person,0.608,Man,34,575,345,33,78
19.86,576,4,person,0.643,Man,28,666,322,36,64
19.9,577,1,person,0.659,Man,34,577,346,33,86
19.9,577,4,person,0.647,Man,28,665,323,36,72
19.93,578,1,person,0.597,Man,34,578,346,36,85
19.93,578,4,person,0.526,Man,28,664,321,36,64
19.97,579,1,person,0.581,Man,34,579,346,37,84
19.97,579,4,person,0.655,Man,28,666,320,33,79
20.0,580,1,person,0.681,Man,34,581,346,36,82
20.0,580,4,person,0.712,Man,28,665,318,33,87
20.03,581,1,person,0.679,Man,34,582,346,37,80
20.03,581,4,person,0.675,Man,28,665,317,33,90
20.07,582,1,person,0.701,Man,34,583,347,39,79
20.07,582,4,person,0.715,Man,28,666,318,32,90
20.1,583,1,person,0.692,Man,34,585,348,41,78
20.1,583,4,person,0.712,Man,28,667,320,33,89
20.14,584,1,person,0.71,Man,34,587,349,40,74
20.14,584,4,person,0.751,Man,28,668,321,34,87
20.17,585,1,person,0.727,Man,34,589,348,39,91
20.17,585,4,person,0.803,Man,28,668,322,35,87
20.21,586,1,person,0.56,Man,34,590,346,39,97
20.21,586,4,person,0.795,Man,28,668,322,35,86
20.24,587,1,person,0.584,Man,34,592,345,40,104
20.24,587,4,person,0.774,Man,28,669,320,33,87
20.28,588,1,person,0.672,Man,34,593,347,39,91
20.28,588,4,person,0.74,Man,28,669,320,33,86
20.31,589,1,person,0.772,Man,34,594,347,40,98
20.31,589,4,person,0.687,Man,28,669,320,33,80
20.34,590,1,person,0.756,Man,34,595,347,41,99
20.34,590,4,person,0.569,Man,28,668,320,33,69
20.38,591,1,person,0.782,Man,34,595,347,42,100
20.41,592,1,person,0.805,Man,34,594,347,45,101
20.41,592,4,person,0.59,Man,28,663,322,36,82
20.45,593,1,person,0.78,Man,34,593,346,46,105
20.45,593,4,person,0.667,Man,28,663,322,35,84
20.48,594,1,person,0.718,Man,34,592,346,46,104
20.48,594,4,person,0.722,Man,28,663,321,33,86
20.52,595,1,person,0.727,Man,34,590,347,45,98
20.52,595,4,person,0.719,Man,28,664,319,30,89
20.55,596,1,person,0.765,Man,34,589,347,43,94
20.55,596,4,person,0.673,Man,28,663,319,31,89
20.59,597,1,person,0.762,Man,34,588,348,41,101
20.59,597,4,person,0.58,Man,28,664,320,30,77
20.62,598,1,person,0.727,Man,34,589,348,37,96
20.62,598,4,person,0.554,Man,28,664,322,31,83
20.66,599,1,person,0.736,Man,34,589,348,36,94
20.66,599,4,person,0.609,Man,28,664,324,32,82
20.69,600,1,person,0.775,Man,34,589,350,35,94
20.69,600,4,person,0.517,Man,28,666,326,31,76
20.72,601,1,person,0.665,Man,34,589,351,36,89
20.72,601,4,person,0.627,Man,28,667,326,32,62
20.76,602,1,person,0.677,Man,34,590,352,37,86
20.76,602,4,person,0.63,Man,28,667,325,32,57
20.79,603,1,person,0.713,Man,34,590,352,39,87
20.79,603,4,person,0.591,Man,28,666,324,34,76
20.83,604,1,person,0.746,Man,34,590,351,39,95
20.83,604,4,person,0.645,Man,28,665,324,35,82
20.86,605,1,person,0.782,Man,34,589,352,39,82
20.86,605,4,person,0.573,Man,28,664,323,36,85
20.9,606,1,person,0.703,Man,34,589,352,38,76
20.93,607,1,person,0.728,Man,34,589,352,39,89
20.93,607,4,person,0.72,Man,28,660,324,37,85
20.97,608,1,person,0.661,Man,34,590,351,37,89
20.97,608,4,person,0.644,Man,28,659,325,36,87
21.0,609,1,person,0.727,Man,34,591,351,35,78
21.0,609,4,person,0.546,Man,28,659,325,37,84
21.03,610,1,person,0.699,Man,34,593,351,34,76
21.03,610,4,person,0.54,Man,28,660,326,36,79
21.07,611,1,person,0.651,Man,34,595,352,34,78
21.07,611,4,person,0.679,Man,28,662,326,34,62
21.1,612,1,person,0.599,Man,34,597,352,34,85
21.1,612,4,person,0.678,Man,28,664,323,33,56
21.14,613,1,person,0.673,Man,34,598,352,34,101
21.14,613,4,person,0.641,Man,28,665,322,32,54
21.17,614,1,person,0.639,Man,34,599,350,34,100
21.17,614,4,person,0.657,Man,28,665,321,30,54
21.21,615,1,person,0.605,Man,34,598,350,35,92
21.21,615,4,person,0.696,Man,28,664,321,30,54
21.24,616,1,person,0.749,Man,34,596,348,38,101
21.24,616,4,person,0.706,Man,28,663,321,30,54
21.28,617,1,person,0.812,Man,34,595,347,40,106
21.28,617,4,person,0.693,Man,28,662,321,31,55
21.31,618,1,person,0.768,Man,34,593,346,42,108
21.31,618,4,person,0.668,Man,28,662,321,31,55
21.34,619,1,person,0.801,Man,34,592,348,42,108
21.34,619,4,person,0.668,Man,28,664,321,31,55
21.38,620,1,person,0.807,Man,34,591,348,43,106
21.38,620,4,person,0.604,Man,28,666,324,30,52
21.41,621,1,person,0.818,Man,34,592,349,42,108
21.41,621,4,person,0.525,Man,28,669,326,28,52
21.45,622,1,person,0.724,Man,34,593,349,40,108
21.45,622,4,person,0.56,Man,28,670,325,29,53
21.48,623,1,person,0.729,Man,34,596,348,37,108
21.48,623,4,person,0.545,Man,28,670,324,30,54
21.55,625,1,person,0.595,Man,34,598,352,38,81
21.59,626,1,person,0.576,Man,34,598,352,39,75
21.76,631,1,person,0.677,Man,34,594,346,41,106
21.83,633,1,person,0.769,Man,34,592,347,40,104
21.83,633,4,person,0.594,Man,28,669,317,34,96
21.86,634,1,person,0.786,Man,34,592,347,40,106
21.86,634,4,person,0.626,Man,28,668,317,34,100
21.9,635,1,person,0.782,Man,34,591,347,39,105
21.9,635,4,person,0.696,Man,28,667,317,34,98
21.93,636,1,person,0.808,Man,34,590,347,38,103
21.93,636,4,person,0.528,Man,28,667,318,33,96
21.97,637,1,person,0.747,Man,34,590,348,38,101
21.97,637,4,person,0.562,Man,28,667,318,31,93
22.0,638,1,person,0.775,Man,34,590,349,38,96
22.0,638,4,person,0.635,Man,28,666,315,32,90
22.03,639,1,person,0.779,Man,34,589,349,38,98
22.03,639,4,person,0.667,Man,28,666,313,31,90
22.07,640,1,person,0.798,Man,34,588,348,37,102
22.07,640,4,person,0.653,Man,28,665,311,34,92
22.1,641,1,person,0.763,Man,34,585,347,40,101
22.1,641,4,person,0.659,Man,28,662,310,37,97
22.14,642,1,person,0.714,Man,34,583,346,39,102
22.14,642,4,person,0.611,Man,28,660,310,43,98
22.17,643,1,person,0.755,Man,34,580,346,39,105
22.17,643,4,person,0.683,Man,28,662,312,40,94
22.21,644,1,person,0.745,Man,34,577,345,40,103
22.21,644,4,person,0.661,Man,28,662,313,38,90
22.24,645,1,person,0.797,Man,34,575,345,39,104
22.24,645,4,person,0.632,Man,28,660,313,39,93
22.28,646,1,person,0.701,Man,34,574,346,38,85
22.28,646,4,person,0.644,Man,28,659,313,38,89
22.31,647,1,person,0.782,Man,34,573,346,38,98
22.31,647,4,person,0.574,Man,28,657,313,39,95
22.34,648,1,person,0.774,Man,34,572,349,39,88
22.34,648,4,person,0.701,Man,28,657,314,35,88
22.38,649,1,person,0.73,Man,34,573,350,39,78
22.38,649,4,person,0.689,Man,28,655,314,35,88
22.41,650,1,person,0.774,Man,34,573,352,41,95
22.41,650,4,person,0.62,Man,28,654,313,35,93
22.45,651,1,person,0.631,Man,34,573,353,40,85
22.45,651,4,person,0.524,Man,28,651,312,37,98
22.48,652,1,person,0.565,Man,34,573,355,40,79
22.48,652,4,person,0.538,Man,28,645,313,42,104
22.52,653,1,person,0.661,Man,34,574,356,39,76
22.52,653,4,person,0.592,Man,28,650,313,39,100
22.55,654,1,person,0.717,Man,34,575,357,39,81
22.55,654,4,person,0.625,Man,28,654,314,35,94
22.59,655,1,person,0.725,Man,34,576,360,39,79
22.59,655,4,person,0.558,Man,28,654,312,33,95
22.62,656,1,person,0.664,Man,34,579,361,37,76
22.62,656,4,person,0.648,Man,28,652,312,35,99
22.66,657,1,person,0.682,Man,34,581,363,36,74
22.69,658,1,person,0.639,Man,34,584,369,36,70
22.72,659,1,person,0.654,Man,34,585,372,38,77
22.76,660,1,person,0.605,Man,34,585,374,42,75
22.83,662,4,person,0.619,Man,28,645,316,33,95
22.83,662,1,person,0.636,Man,34,588,374,43,102
22.86,663,1,person,0.633,Man,34,588,375,43,94
22.93,665,4,person,0.514,Man,28,641,316,34,86
22.93,665,1,person,0.547,Man,34,590,376,39,79
22.97,666,1,person,0.52,Man,34,592,375,38,73
23.0,667,1,person,0.534,Man,34,596,376,36,75
23.03,668,1,person,0.76,Man,34,598,376,38,98
23.07,669,1,person,0.792,Man,34,600,377,41,111
23.07,669,4,person,0.545,Man,28,633,318,35,89
23.1,670,1,person,0.627,Man,34,603,380,42,104
23.14,671,1,person,0.53,Man,34,606,381,41,105
23.21,673,1,person,0.567,Man,34,610,384,39,94
23.24,674,1,person,0.561,Man,34,611,383,38,105
23.24,674,4,person,0.543,Man,28,630,322,35,83
23.28,675,4,person,0.535,Man,28,627,323,37,82
23.45,680,1,person,0.697,Man,34,622,381,52,112
23.48,681,1,person,0.589,Man,34,625,381,50,109
23.55,683,1,person,0.619,Man,34,629,381,47,102
23.59,684,1,person,0.685,Man,34,631,380,45,104
23.62,685,1,person,0.667,Man,34,631,377,47,106
23.66,686,1,person,0.704,Man,34,635,376,44,107
23.66,686,11,person,0.553,-,-,611,331,27,76
23.69,687,1,person,0.624,Man,34,638,376,45,106
23.69,687,11,person,0.639,-,-,610,331,26,77
23.72,688,1,person,0.526,Man,34,640,377,46,104
23.72,688,11,person,0.576,-,-,607,330,28,70
23.76,689,1,person,0.68,Man,34,641,377,49,104
23.76,689,11,person,0.552,-,-,606,329,29,77
23.79,690,1,person,0.563,Man,34,644,377,48,107
23.79,690,11,person,0.677,-,-,605,329,29,78
23.83,691,1,person,0.688,Man,34,646,377,46,105
23.83,691,11,person,0.545,-,-,605,331,28,77
23.86,692,1,person,0.757,Man,34,648,376,44,105
23.9,693,1,person,0.737,Man,34,648,376,45,101
23.9,693,11,person,0.581,-,-,603,333,29,75
23.93,694,1,person,0.72,Man,34,649,376,45,100
23.93,694,11,person,0.625,-,-,602,333,28,76
23.97,695,1,person,0.701,Man,34,648,377,46,105
24.0,696,1,person,0.647,Man,34,648,377,46,108
24.03,697,1,person,0.552,Man,34,649,377,46,107
24.21,702,1,person,0.575,Man,34,655,386,47,81
24.24,703,1,person,0.704,Man,34,656,386,49,81
24.28,704,1,person,0.698,Man,34,659,386,47,81
24.31,705,1,person,0.694,Man,34,661,387,45,84
24.34,706,1,person,0.581,Man,34,664,387,45,88
24.38,707,1,person,0.74,Man,34,666,388,45,91
24.41,708,1,person,0.691,Man,34,668,389,47,94
24.45,709,1,person,0.623,Man,34,672,390,47,91
24.48,710,1,person,0.595,Man,34,676,391,49,90
24.52,711,1,person,0.584,Man,34,678,391,46,90
24.52,711,13,person,0.57,-,-,561,347,26,72
24.55,712,1,person,0.587,Man,34,681,390,42,92
24.55,712,13,person,0.632,-,-,558,348,27,71
24.59,713,1,person,0.561,Man,34,683,390,41,93
24.62,714,1,person,0.592,Man,34,688,389,44,97
24.66,715,1,person,0.593,Man,34,691,389,40,81
24.69,716,1,person,0.655,Man,34,693,387,40,70
24.72,717,1,person,0.723,Man,34,696,383,39,69
24.76,718,1,person,0.693,Man,34,698,379,41,66
24.79,719,1,person,0.65,Man,34,703,377,39,65
24.83,720,1,person,0.634,Man,34,706,376,40,66
24.86,721,1,person,0.642,Man,34,709,374,40,67
24.9,722,1,person,0.585,Man,34,712,374,39,63
24.93,723,1,person,0.542,Man,34,715,369,37,63
24.97,724,1,person,0.512,Man,34,717,365,36,66
25.0,725,1,person,0.58,Man,34,721,363,34,66
25.03,726,1,person,0.548,Man,34,725,362,32,64
25.07,727,1,person,0.573,Man,34,726,362,32,63
25.1,728,1,person,0.571,Man,34,727,362,33,63
25.24,732,1,person,0.503,Man,34,732,357,40,69
25.28,733,1,person,0.657,Man,34,730,356,45,86
25.31,734,1,person,0.694,Man,34,730,356,42,88
25.34,735,1,person,0.666,Man,34,730,356,40,87
25.38,736,1,person,0.721,Man,34,730,357,39,90
25.41,737,1,person,0.636,Man,34,732,358,40,89
25.45,738,1,person,0.551,Man,34,731,361,40,81
25.79,748,16,person,0.631,Man,28,729,375,40,91
25.83,749,16,person,0.509,Man,28,730,377,40,75
25.86,750,17,person,0.581,-,-,543,309,26,74
25.9,751,16,person,0.605,Man,28,728,384,41,84
25.93,752,16,person,0.528,Man,28,728,387,43,90
25.97,753,16,person,0.755,Man,28,726,386,46,99
26.0,754,16,person,0.658,Man,28,727,388,44,91
26.03,755,16,person,0.627,Man,28,726,389,42,77
26.07,756,16,person,0.71,Man,28,724,390,41,79
26.1,757,16,person,0.612,Man,28,721,390,39,72
26.14,758,16,person,0.757,Man,28,720,389,38,86
26.17,759,16,person,0.726,Man,28,720,387,38,92
26.21,760,16,person,0.577,Man,28,721,387,34,88
26.41,766,20,person,0.684,-,-,567,306,30,72
26.45,767,20,person,0.668,Man,28,570,305,32,73
26.48,768,20,person,0.641,Man,28,573,304,32,76
26.48,768,16,person,0.574,Man,28,713,394,32,59
26.52,769,20,person,0.561,Man,28,575,304,34,80
26.55,770,20,person,0.71,Man,28,578,306,33,79
26.59,771,20,person,0.72,Man,28,581,307,32,78
26.66,773,20,person,0.731,Man,28,587,305,33,81
26.69,774,20,person,0.742,Man,28,590,304,31,86
26.69,774,16,person,0.651,Man,28,697,389,35,91
26.83,778,20,person,0.545,Man,28,601,306,32,88
26.86,779,16,person,0.7,Man,28,679,391,34,97
27.03,784,20,person,0.623,Man,28,606,299,32,81
27.07,785,21,person,0.515,Man,34,667,383,35,90
27.07,785,20,person,0.553,Man,28,607,298,31,81
27.17,788,21,person,0.619,Man,34,658,388,38,86
27.17,788,20,person,0.512,Man,28,610,297,29,56
27.24,790,21,person,0.585,Man,34,653,381,37,96
27.28,791,21,person,0.679,Man,34,652,379,35,99
27.31,792,21,person,0.656,Man,34,650,378,36,97
27.34,793,21,person,0.687,Man,34,649,380,37,94
27.38,794,21,person,0.654,Man,34,648,380,36,92
27.41,795,21,person,0.52,Man,34,645,380,40,93
27.45,796,20,person,0.645,Man,28,618,286,29,80
27.48,797,20,person,0.761,Man,28,619,287,29,82
27.52,798,20,person,0.689,Man,28,620,286,29,85
27.55,799,20,person,0.697,Man,28,621,284,31,90
27.59,800,20,person,0.634,Man,28,624,283,31,83
27.62,801,20,person,0.651,Man,28,627,285,30,82
27.66,802,20,person,0.708,Man,28,628,287,31,77
27.69,803,21,person,0.605,Man,34,644,383,35,97
27.72,804,21,person,0.522,Man,34,644,382,34,100
27.72,804,20,person,0.595,Man,28,633,285,29,81
27.76,805,21,person,0.568,Man,34,644,382,33,83
27.79,806,21,person,0.545,Man,34,642,383,34,85
27.83,807,21,person,0.585,Man,34,640,386,36,86
27.86,808,21,person,0.642,Man,34,638,387,37,85
27.9,809,21,person,0.701,Man,34,638,388,38,85
27.93,810,21,person,0.672,Man,34,638,388,38,91
27.97,811,21,person,0.671,Man,34,637,388,38,81
28.0,812,21,person,0.649,Man,34,636,389,40,82
28.03,813,21,person,0.666,Man,34,635,389,41,91
28.07,814,21,person,0.642,Man,34,634,390,41,97
28.07,814,20,person,0.676,Man,28,650,294,32,82
28.1,815,21,person,0.667,Man,34,634,392,39,99
28.1,815,20,person,0.532,Man,28,652,296,31,81
28.14,816,21,person,0.607,Man,34,634,392,39,101
28.17,817,21,person,0.609,Man,34,633,393,39,99
28.21,818,21,person,0.713,Man,34,632,394,38,102
28.21,818,20,person,0.674,Man,28,655,296,33,78
28.24,819,21,person,0.701,Man,34,631,398,38,99
28.28,820,21,person,0.765,Man,34,630,401,38,94
28.28,820,20,person,0.701,Man,28,658,299,31,82
28.31,821,21,person,0.693,Man,34,629,402,38,101
28.31,821,20,person,0.585,Man,28,659,299,31,84
28.34,822,21,person,0.694,Man,34,629,401,37,107
28.38,823,21,person,0.795,Man,34,628,400,37,104
28.41,824,21,person,0.79,Man,34,628,400,37,105
28.45,825,21,person,0.772,Man,34,629,401,38,99
28.48,826,21,person,0.739,Man,34,628,404,39,96
28.52,827,21,person,0.723,Man,34,628,404,40,98
28.55,828,21,person,0.648,Man,34,629,402,37,104
28.59,829,21,person,0.605,Man,34,628,399,37,108
28.62,830,21,person,0.669,Man,34,628,398,36,105
28.66,831,21,person,0.627,Man,34,626,398,37,103
28.69,832,21,person,0.747,Man,34,625,399,36,102
28.72,833,21,person,0.788,Man,34,623,399,37,105
28.76,834,21,person,0.742,Man,34,623,398,36,107
28.79,835,21,person,0.658,Man,34,623,397,34,101
28.83,836,21,person,0.614,Man,34,624,395,31,113
28.9,838,21,person,0.633,Man,34,624,397,31,107
28.93,839,21,person,0.711,Man,34,623,399,34,97
28.97,840,21,person,0.709,Man,34,622,399,37,100
29.0,841,21,person,0.577,Man,34,621,398,39,97
29.03,842,21,person,0.688,Man,34,620,396,39,101
29.07,843,21,person,0.583,Man,34,618,394,41,104
29.1,844,21,person,0.693,Man,34,618,394,40,104
29.14,845,21,person,0.708,Man,34,616,395,41,102
29.17,846,21,person,0.741,Man,34,616,396,39,101
29.21,847,21,person,0.629,Man,34,616,397,38,105
29.24,848,21,person,0.728,Man,34,616,395,38,115
29.28,849,21,person,0.66,Man,34,616,395,39,119
29.31,850,21,person,0.63,Man,34,615,395,42,119
29.38,852,21,person,0.57,Man,34,614,398,43,110
29.45,854,21,person,0.589,Man,34,618,398,38,89
29.55,857,21,person,0.523,Man,34,617,401,39,109
29.59,858,21,person,0.56,Man,34,617,403,38,107
29.62,859,21,person,0.577,Man,34,617,401,38,112
29.72,862,21,person,0.724,Man,34,618,404,46,105
29.76,863,21,person,0.677,Man,34,618,405,48,110
29.79,864,21,person,0.69,Man,34,619,406,47,114
29.83,865,21,person,0.705,Man,34,620,405,45,118
29.86,866,21,person,0.504,Man,34,620,405,43,118
29.9,867,21,person,0.519,Man,34,619,404,43,129
29.93,868,21,person,0.674,Man,34,619,407,42,123
29.97,869,21,person,0.707,Man,34,618,412,42,113
30.0,870,21,person,0.689,Man,34,617,416,43,113
30.03,871,21,person,0.662,Man,34,616,416,44,119
30.07,872,21,person,0.588,Man,34,616,415,42,118
30.14,874,21,person,0.504,Man,34,618,420,40,91
30.17,875,21,person,0.598,Man,34,616,418,47,104
30.24,877,21,person,0.559,Man,34,616,413,43,89
30.28,878,21,person,0.553,Man,34,615,409,43,89
30.31,879,21,person,0.561,Man,34,613,407,46,86
30.34,880,21,person,0.585,Man,34,611,404,48,103
30.38,881,21,person,0.722,Man,34,609,402,49,113
30.38,881,23,person,0.544,Man,27,680,289,37,60
30.41,882,21,person,0.791,Man,34,606,403,48,117
30.45,883,21,person,0.741,Man,34,603,403,47,116
30.45,883,23,person,0.512,Man,27,680,292,36,58
30.48,884,21,person,0.723,Man,34,603,404,44,114
30.52,885,21,person,0.661,Man,34,602,404,43,117
30.55,886,21,person,0.725,Man,34,599,403,45,122
30.59,887,21,person,0.642,Man,34,598,402,47,118
30.62,888,21,person,0.642,Man,34,597,404,48,95
30.66,889,21,person,0.753,Man,34,595,405,50,107
30.69,890,21,person,0.617,Man,34,592,404,52,96
30.72,891,21,person,0.69,Man,34,592,404,49,89
30.76,892,21,person,0.627,Man,34,589,405,52,104
30.86,895,21,person,0.643,Man,34,583,410,49,85
30.97,898,21,person,0.646,Man,34,573,411,50,81
31.0,899,21,person,0.641,Man,34,571,407,48,85
31.03,900,21,person,0.531,Man,34,563,405,54,87
31.14,903,21,person,0.55,Man,34,572,406,46,88
31.17,904,21,person,0.535,Man,34,574,405,46,92
31.24,906,21,person,0.656,Man,34,575,396,49,94
31.28,907,25,person,0.558,Man,32,701,288,40,61
31.28,907,21,person,0.687,Man,34,572,393,51,97
31.31,908,25,person,0.562,Man,32,703,285,41,66
31.31,908,21,person,0.655,Man,34,572,393,48,100
31.34,909,25,person,0.542,Man,32,705,282,41,71
31.34,909,21,person,0.605,Man,34,574,391,45,106
31.38,910,25,person,0.615,Man,32,707,281,39,75
31.38,910,21,person,0.684,Man,34,574,388,44,121
31.41,911,25,person,0.631,Man,32,708,282,39,87
31.41,911,21,person,0.615,Man,34,571,385,48,135
31.45,912,25,person,0.585,Man,32,710,281,38,76
31.52,914,21,person,0.518,Man,34,573,381,50,108
31.52,914,25,person,0.604,Man,32,715,280,37,66
31.55,915,21,person,0.604,Man,34,571,383,52,102
31.55,915,25,person,0.601,Man,32,719,283,35,62
31.59,916,21,person,0.551,Man,34,573,385,50,110
31.59,916,25,person,0.509,Man,32,721,285,33,60
31.62,917,21,person,0.514,Man,34,573,387,50,103
31.62,917,25,person,0.519,Man,32,721,285,36,68
31.66,918,21,person,0.672,Man,34,574,388,51,107
31.69,919,21,person,0.766,Man,34,572,385,55,129
31.72,920,21,person,0.765,Man,34,571,381,56,135
31.76,921,21,person,0.715,Man,34,569,378,54,116
31.76,921,25,person,0.521,Man,32,718,285,50,97
31.79,922,21,person,0.647,Man,34,563,378,55,136
31.83,923,21,person,0.661,Man,34,562,379,54,136
31.86,924,21,person,0.697,Man,34,560,379,53,144
31.9,925,21,person,0.605,Man,34,563,379,52,120
31.93,926,21,person,0.578,Man,34,565,376,53,104
31.97,927,21,person,0.701,Man,34,567,376,49,98
32.0,928,21,person,0.614,Man,34,566,377,49,107
32.03,929,21,person,0.618,Man,34,566,381,51,134
32.03,929,25,person,0.503,Man,32,726,287,47,103
32.07,930,21,person,0.641,Man,34,567,383,56,144
32.1,931,21,person,0.675,Man,34,568,382,57,150
32.1,931,25,person,0.517,Man,32,723,286,57,101
32.14,932,21,person,0.702,Man,34,567,378,58,134
32.14,932,25,person,0.649,Man,32,718,284,63,108
32.17,933,21,person,0.593,Man,34,567,375,60,118
32.17,933,25,person,0.618,Man,32,719,284,62,109
32.21,934,21,person,0.75,Man,34,567,375,60,112
32.24,935,21,person,0.646,Man,34,568,374,59,108
32.24,935,25,person,0.648,Man,32,727,283,55,119
32.41,940,21,person,0.703,Man,34,567,361,51,106
32.45,941,21,person,0.575,Man,34,569,363,48,107
32.52,943,25,person,0.531,Man,32,740,275,57,138
32.52,943,21,person,0.747,Man,34,568,362,57,122
32.55,944,21,person,0.716,Man,34,568,362,62,116
32.59,945,21,person,0.746,Man,34,568,356,63,127
32.59,945,25,person,0.595,Man,32,750,276,49,94
32.62,946,21,person,0.692,Man,34,568,350,64,134
32.62,946,25,person,0.6,Man,32,753,277,47,109
32.66,947,21,person,0.734,Man,34,567,344,62,125
32.66,947,25,person,0.539,Man,32,758,274,43,91
32.69,948,21,person,0.716,Man,34,567,344,62,125
32.72,949,21,person,0.601,Man,34,567,343,58,115
32.72,949,25,person,0.527,Man,32,763,271,46,87
32.76,950,21,person,0.673,Man,34,568,341,54,111
32.76,950,25,person,0.684,Man,32,756,271,55,116
32.79,951,21,person,0.581,Man,34,571,335,57,111
32.79,951,25,person,0.65,Man,32,752,269,59,128
32.83,952,21,person,0.561,Man,34,572,327,56,112
32.83,952,25,person,0.595,Man,32,757,267,54,129
32.86,953,21,person,0.654,Man,34,569,321,60,133
32.86,953,25,person,0.759,Man,32,759,262,55,136
32.9,954,21,person,0.634,Man,34,572,319,57,117
32.9,954,25,person,0.711,Man,32,758,258,56,146
32.93,955,21,person,0.668,Man,34,566,318,62,130
32.93,955,25,person,0.714,Man,32,759,256,56,139
32.97,956,21,person,0.64,Man,34,572,315,54,127
32.97,956,25,person,0.654,Man,32,764,257,51,129
33.0,957,21,person,0.707,Man,34,574,312,57,122
33.0,957,25,person,0.74,Man,32,766,255,50,137
33.03,958,21,person,0.67,Man,34,574,308,55,118
33.03,958,25,person,0.502,Man,32,768,252,46,133
33.07,959,21,person,0.608,Man,34,573,301,55,139
33.07,959,25,person,0.65,Man,32,763,250,50,126
33.1,960,21,person,0.665,Man,34,575,294,62,143
33.1,960,25,person,0.678,Man,32,767,248,45,112
33.14,961,21,person,0.595,Man,34,575,292,59,130
33.14,961,25,person,0.629,Man,32,763,247,48,120
33.17,962,21,person,0.743,Man,34,574,290,53,121
33.17,962,25,person,0.556,Man,32,760,248,51,117
33.21,963,21,person,0.707,Man,34,573,288,50,128
33.21,963,25,person,0.611,Man,32,748,247,62,128
33.24,964,21,person,0.637,Man,34,572,285,51,138
33.28,965,21,person,0.719,Man,34,570,282,54,147
33.28,965,25,person,0.694,Man,32,752,239,52,144
33.31,966,21,person,0.588,Man,34,570,278,52,126
33.31,966,25,person,0.702,Man,32,751,239,49,147
33.34,967,21,person,0.766,Man,34,570,278,49,115
33.34,967,25,person,0.619,Man,32,749,238,47,139
33.38,968,21,person,0.758,Man,34,570,281,48,113
33.38,968,25,person,0.741,Man,32,746,239,41,142
33.41,969,21,person,0.586,Man,34,567,283,57,131
33.41,969,25,person,0.689,Man,32,740,235,42,147
33.45,970,21,person,0.595,Man,34,569,286,67,119
33.45,970,25,person,0.51,Man,32,736,234,42,109
33.48,971,21,person,0.745,Man,34,566,286,64,149
33.52,972,21,person,0.714,Man,34,565,283,65,162
33.52,972,25,person,0.642,Man,32,724,234,45,130
33.55,973,21,person,0.741,Man,34,562,281,68,175
33.59,974,21,person,0.65,Man,34,567,284,65,153
33.59,974,25,person,0.56,Man,32,716,237,48,92
33.62,975,21,person,0.757,Man,34,572,291,60,154
33.66,976,21,person,0.781,Man,34,576,295,59,156
33.66,976,25,person,0.583,Man,32,706,237,50,145
33.69,977,21,person,0.783,Man,34,579,298,60,159
33.72,978,21,person,0.662,Man,34,580,299,61,170
33.76,979,21,person,0.609,Man,34,581,302,60,163
33.79,980,21,person,0.711,Man,34,585,310,59,155
33.79,980,25,person,0.544,Man,32,682,252,52,162
33.83,981,21,person,0.69,Man,34,591,316,61,153
33.83,981,25,person,0.517,Man,32,680,256,51,167
33.86,982,21,person,0.761,Man,34,596,321,61,151
33.86,982,25,person,0.723,Man,32,677,262,51,154
33.9,983,21,person,0.725,Man,34,596,323,65,164
33.9,983,25,person,0.714,Man,32,676,267,49,142
33.93,984,21,person,0.722,Man,34,600,325,60,175
33.93,984,25,person,0.725,Man,32,673,270,49,131
33.97,985,21,person,0.703,Man,34,602,328,58,173
33.97,985,25,person,0.756,Man,32,671,273,47,127
34.0,986,21,person,0.666,Man,34,604,334,58,153
34.0,986,25,person,0.758,Man,32,668,275,46,137
34.03,987,21,person,0.573,Man,34,607,338,54,134
34.03,987,25,person,0.654,Man,32,665,278,45,122
34.07,988,21,person,0.649,Man,34,610,340,54,156
34.07,988,25,person,0.588,Man,32,661,281,45,118
34.1,989,21,person,0.731,Man,34,612,341,53,152
34.1,989,25,person,0.564,Man,32,658,284,44,88
34.14,990,21,person,0.586,Man,34,615,342,54,146
34.14,990,25,person,0.603,Man,32,657,287,41,74
34.17,991,21,person,0.585,Man,34,619,343,58,152
34.17,991,25,person,0.683,Man,32,656,287,40,89
34.21,992,21,person,0.712,Man,34,623,345,62,153
34.21,992,25,person,0.685,Man,32,655,287,40,87
34.24,993,21,person,0.728,Man,34,626,349,63,153
34.24,993,25,person,0.668,Man,32,654,288,40,79
34.28,994,21,person,0.748,Man,34,629,351,62,155
34.28,994,25,person,0.701,Man,32,654,293,39,75
34.31,995,25,person,0.681,Man,32,653,296,41,72
34.34,996,25,person,0.564,Man,32,653,298,41,72
34.38,997,25,person,0.58,Man,32,653,297,41,76
34.41,998,25,person,0.605,Man,32,655,295,39,84
34.45,999,25,person,0.607,Man,32,655,295,39,78
34.48,1000,25,person,0.669,Man,32,655,298,40,79
34.52,1001,25,person,0.687,Man,32,654,301,41,83
34.55,1002,25,person,0.642,Man,32,654,302,41,82
34.55,1002,21,person,0.573,Man,34,626,355,64,134
34.59,1003,21,person,0.519,Man,34,626,353,63,155
34.62,1004,21,person,0.687,Man,34,625,354,63,166
34.66,1005,21,person,0.756,Man,34,625,356,61,167
34.66,1005,25,person,0.541,Man,32,659,302,40,77
34.69,1006,21,person,0.743,Man,34,624,356,61,159
34.72,1007,21,person,0.742,Man,34,623,356,63,153
34.72,1007,25,person,0.561,Man,32,664,307,39,100
34.76,1008,21,person,0.749,Man,34,623,353,59,144
34.76,1008,25,person,0.627,Man,32,665,307,39,106
34.79,1009,21,person,0.764,Man,34,622,352,58,145
34.79,1009,25,person,0.683,Man,32,664,306,41,108
34.83,1010,21,person,0.811,Man,34,619,351,56,154
34.83,1010,25,person,0.653,Man,32,664,304,40,113
34.86,1011,21,person,0.805,Man,34,616,352,55,154
34.86,1011,25,person,0.66,Man,32,662,305,41,119
34.9,1012,21,person,0.819,Man,34,614,352,54,167
34.9,1012,25,person,0.706,Man,32,659,306,44,121
34.93,1013,21,person,0.797,Man,34,610,354,56,163
34.93,1013,25,person,0.737,Man,32,658,308,44,121
34.97,1014,21,person,0.787,Man,34,606,355,56,173
34.97,1014,25,person,0.737,Man,32,659,309,43,122
35.0,1015,21,person,0.683,Man,34,602,355,56,165
35.0,1015,25,person,0.556,Man,32,662,309,40,109
35.03,1016,21,person,0.808,Man,34,599,353,55,161
35.03,1016,25,person,0.72,Man,32,661,308,42,120
35.07,1017,21,person,0.829,Man,34,595,352,57,163
35.07,1017,25,person,0.657,Man,32,659,308,45,123
35.1,1018,21,person,0.792,Man,34,592,350,58,163
35.1,1018,25,person,0.736,Man,32,662,311,48,119
35.14,1019,21,person,0.741,Man,34,589,349,58,160
35.14,1019,25,person,0.616,Man,32,669,315,44,119
35.17,1020,21,person,0.748,Man,34,586,350,58,165
35.17,1020,25,person,0.69,Man,32,673,318,44,114
35.21,1021,21,person,0.743,Man,34,583,350,57,160
35.21,1021,25,person,0.782,Man,32,674,319,45,115
35.24,1022,21,person,0.775,Man,34,580,350,58,161
35.24,1022,25,person,0.795,Man,32,674,319,47,113
35.28,1023,21,person,0.81,Man,34,578,351,59,171
35.28,1023,25,person,0.815,Man,32,675,317,47,111
35.31,1024,21,person,0.827,Man,34,575,353,61,184
35.31,1024,25,person,0.818,Man,32,675,317,47,111
35.34,1025,21,person,0.818,Man,34,572,355,63,186
35.34,1025,25,person,0.8,Man,32,674,320,48,109
35.38,1026,21,person,0.815,Man,34,568,356,64,187
35.38,1026,25,person,0.785,Man,32,676,324,44,111
35.41,1027,21,person,0.843,Man,34,565,357,62,186
35.41,1027,25,person,0.783,Man,32,679,324,40,114
35.45,1028,21,person,0.839,Man,34,563,358,60,189
35.45,1028,25,person,0.778,Man,32,683,323,36,114
35.48,1029,21,person,0.7,Man,34,559,359,61,182
35.48,1029,25,person,0.71,Man,32,684,321,37,117
35.52,1030,21,person,0.802,Man,34,555,359,61,181
35.52,1030,25,person,0.737,Man,32,685,319,37,120
35.55,1031,21,person,0.853,Man,34,551,359,62,185
35.55,1031,25,person,0.779,Man,32,687,320,40,120
35.59,1032,21,person,0.8,Man,34,547,359,63,188
35.59,1032,25,person,0.706,Man,32,690,321,39,119
35.62,1033,21,person,0.812,Man,34,543,359,65,192
35.62,1033,25,person,0.632,Man,32,691,319,38,115
35.66,1034,21,person,0.825,Man,34,540,360,65,193
35.66,1034,25,person,0.649,Man,32,691,315,40,124
35.69,1035,21,person,0.857,Man,34,535,360,66,195
35.69,1035,25,person,0.754,Man,32,690,313,43,123
35.72,1036,21,person,0.839,Man,34,530,360,65,199
35.72,1036,25,person,0.786,Man,32,687,310,48,127
35.76,1037,21,person,0.816,Man,34,526,361,64,200
35.76,1037,25,person,0.802,Man,32,688,310,47,123
35.79,1038,21,person,0.809,Man,34,521,362,63,204
35.79,1038,25,person,0.778,Man,32,690,311,44,124
35.83,1039,21,person,0.83,Man,34,516,364,62,206
35.83,1039,25,person,0.727,Man,32,691,311,42,125
35.86,1040,21,person,0.846,Man,34,511,367,63,209
35.86,1040,25,person,0.73,Man,32,692,306,40,131
35.9,1041,21,person,0.846,Man,34,505,371,65,211
35.9,1041,25,person,0.676,Man,32,690,303,44,138
35.93,1042,21,person,0.853,Man,34,500,375,64,217
35.93,1042,25,person,0.714,Man,32,691,302,43,134
35.97,1043,21,person,0.809,Man,34,493,381,66,224
35.97,1043,25,person,0.755,Man,32,691,304,42,130
36.0,1044,21,person,0.803,Man,34,488,387,66,224
36.0,1044,25,person,0.676,Man,32,690,308,42,127
36.03,1045,21,person,0.816,Man,34,482,394,69,236
36.03,1045,25,person,0.732,Man,32,688,308,42,131
36.07,1046,21,person,0.829,Man,34,477,402,70,246
36.07,1046,25,person,0.562,Man,32,687,305,42,136
36.1,1047,21,person,0.812,Man,34,473,409,73,260
36.1,1047,25,person,0.703,Man,32,687,304,41,128
36.14,1048,21,person,0.809,Man,34,468,418,73,257
36.14,1048,25,person,0.752,Man,32,685,305,42,126
36.17,1049,21,person,0.797,Man,34,464,428,72,268
36.17,1049,25,person,0.668,Man,32,684,310,41,99
36.21,1050,21,person,0.842,Man,34,461,437,73,275
36.21,1050,25,person,0.736,Man,32,681,313,42,115
36.24,1051,21,person,0.849,Man,34,456,449,75,271
36.24,1051,25,person,0.735,Man,32,679,314,42,120
36.28,1052,21,person,0.846,Man,34,451,461,77,259
36.28,1052,25,person,0.65,Man,32,679,314,41,118
36.31,1053,21,person,0.879,Man,34,447,472,77,248
36.31,1053,25,person,0.667,Man,32,677,313,44,129
36.34,1054,21,person,0.843,Man,34,442,482,78,238
36.34,1054,25,person,0.629,Man,32,677,313,44,117
36.38,1055,21,person,0.842,Man,34,437,494,80,226
36.38,1055,25,person,0.624,Man,32,675,316,46,119
36.41,1056,21,person,0.866,Man,34,431,506,83,214
36.41,1056,25,person,0.612,Man,32,675,321,44,109
36.45,1057,21,person,0.853,Man,34,425,519,86,201
36.45,1057,25,person,0.617,Man,32,678,323,40,107
36.48,1058,21,person,0.854,Man,34,419,531,88,188
36.48,1058,25,person,0.683,Man,32,678,319,42,112
36.52,1059,21,person,0.859,Man,34,413,541,88,178
36.52,1059,25,person,0.706,Man,32,679,318,43,113
36.55,1060,21,person,0.855,Man,34,405,552,91,167
36.55,1060,25,person,0.576,Man,32,678,318,43,116
36.59,1061,21,person,0.82,Man,34,399,561,92,158
36.59,1061,25,person,0.616,Man,32,676,321,45,116
36.62,1062,21,person,0.76,Man,34,392,573,93,147
36.62,1062,25,person,0.664,Man,32,674,323,45,113
36.66,1063,21,person,0.76,Man,34,384,584,95,136
36.66,1063,25,person,0.719,Man,32,672,324,45,111
36.69,1064,21,person,0.789,Man,34,378,594,96,125
36.69,1064,25,person,0.787,Man,32,671,324,45,110
36.72,1065,21,person,0.723,Man,34,369,609,99,110
36.72,1065,25,person,0.762,Man,32,672,323,45,116
36.76,1066,21,person,0.73,Man,34,364,622,94,97
36.76,1066,25,person,0.738,Man,32,671,320,47,119
36.79,1067,25,person,0.727,Man,32,670,323,48,115
36.83,1068,25,person,0.706,Man,32,670,324,47,114
36.86,1069,25,person,0.724,Man,32,669,325,46,113
36.9,1070,25,person,0.71,Man,32,668,325,43,116
36.93,1071,25,person,0.592,Man,32,664,324,44,118
37.0,1073,25,person,0.558,Man,32,662,322,43,114
37.1,1076,25,person,0.58,Man,32,654,323,47,121
37.17,1078,25,person,0.58,Man,32,648,326,43,120
37.34,1083,25,person,0.57,Man,32,640,331,41,130
37.79,1096,25,person,0.539,Man,32,635,333,36,146
38.28,1110,25,person,0.594,Man,32,629,324,39,131
38.31,1111,25,person,0.588,Man,32,628,318,41,141
38.34,1112,25,person,0.634,Man,32,627,312,44,151
38.38,1113,25,person,0.531,Man,32,627,311,44,150
38.41,1114,25,person,0.501,Man,32,627,310,43,145
38.59,1119,25,person,0.59,Man,32,627,300,44,146
38.62,1120,25,person,0.569,Man,32,628,303,40,140
38.86,1127,25,person,0.552,Man,32,627,297,40,147
38.9,1128,25,person,0.624,Man,32,627,298,39,144
38.93,1129,25,person,0.523,Man,32,627,299,36,143
