frame_no,person_id,confidence,x1,y1,x2,y2
0,1,0.82,646,383,698,498
0,2,0.74,605,321,635,405
1,1,0.85,647,383,692,501
1,2,0.69,602,322,635,408
2,1,0.81,649,383,690,504
2,2,0.75,601,323,632,407
3,1,0.79,650,381,690,501
3,2,0.78,598,322,629,404
4,1,0.83,650,384,691,499
4,2,0.79,595,322,625,405
5,1,0.83,650,385,693,497
5,2,0.75,593,322,624,406
6,1,0.83,650,385,696,501
6,2,0.66,593,324,622,408
7,1,0.79,652,385,698,502
7,2,0.73,592,326,623,411
8,1,0.77,653,383,701,497
8,2,0.78,590,324,620,412
9,1,0.76,656,383,705,494
9,2,0.8,587,324,619,409
10,1,0.78,658,382,711,498
10,2,0.76,585,326,616,410
11,1,0.79,660,384,718,500
11,2,0.78,582,330,613,411
12,1,0.82,662,383,713,500
12,2,0.62,578,331,612,413
13,1,0.85,666,383,711,499
13,2,0.73,576,328,610,415
14,1,0.84,668,382,711,494
14,2,0.76,574,326,608,413
15,1,0.82,670,383,711,490
15,2,0.79,570,324,605,409
16,1,0.82,671,384,714,490
16,2,0.62,567,323,605,409
17,1,0.82,673,385,720,493
17,2,0.75,565,328,601,409
18,1,0.79,676,385,723,493
18,2,0.74,567,330,597,409
19,1,0.71,678,382,723,489
19,2,0.74,562,329,595,413
20,1,0.65,680,380,732,501
20,2,0.77,559,327,598,416
21,1,0.76,681,381,736,504
21,2,0.74,557,327,599,414
22,1,0.57,683,383,738,496
22,2,0.76,556,329,598,413
23,1,0.83,687,384,740,498
23,2,0.61,557,331,590,414
24,1,0.83,690,384,735,497
24,2,0.74,554,332,586,415
25,1,0.78,692,383,733,493
25,2,0.74,551,331,585,416
26,1,0.82,691,384,734,490
26,2,0.74,548,330,584,417
27,1,0.81,692,386,736,491
27,2,0.75,546,330,590,418
28,1,0.78,692,387,745,495
28,2,0.71,545,331,584,417
29,1,0.64,693,387,746,496
29,2,0.67,542,333,576,416
30,1,0.85,695,385,748,502
30,2,0.69,540,334,571,416
31,1,0.84,697,383,753,495
31,2,0.78,539,333,576,422
32,1,0.8,700,384,755,491
32,2,0.77,536,333,581,423
33,1,0.81,703,385,755,495
33,2,0.77,534,333,579,420
34,1,0.81,704,386,756,497
34,2,0.74,533,334,577,420
35,1,0.81,705,384,751,500
35,2,0.71,529,334,572,423
36,1,0.8,705,383,755,500
36,2,0.71,526,333,569,426
37,1,0.74,705,382,757,494
37,2,0.79,525,329,565,421
38,1,0.8,708,384,753,493
38,2,0.78,526,327,564,417
39,1,0.8,709,385,752,495
39,2,0.78,525,328,563,416
40,1,0.64,709,384,754,475
40,2,0.68,524,329,556,414
41,1,0.81,708,383,756,487
41,2,0.58,524,331,560,417
42,1,0.73,709,382,761,487
42,2,0.79,522,330,563,418
43,1,0.84,709,383,764,486
43,2,0.8,517,329,562,419
44,1,0.78,709,383,763,493
44,2,0.75,516,329,571,420
45,1,0.83,710,382,758,491
45,2,0.65,516,331,555,421
46,1,0.77,711,380,764,495
46,2,0.67,513,333,548,423
47,1,0.82,712,379,770,494
47,2,0.77,510,333,555,426
48,1,0.81,713,379,774,494
48,2,0.61,508,333,547,413
49,1,0.81,711,380,774,491
49,2,0.74,505,333,546,421
50,1,0.83,710,381,770,492
50,2,0.59,506,334,539,424
51,1,0.72,710,381,771,494
51,2,0.68,505,336,535,427
52,1,0.83,712,378,773,496
52,2,0.73,501,336,541,428
53,1,0.72,714,375,775,491
53,2,0.79,495,334,543,430
54,1,0.78,715,374,774,481
54,2,0.82,492,332,550,430
55,1,0.64,716,374,766,468
55,2,0.83,492,332,550,428
56,1,0.78,717,373,761,479
56,2,0.84,492,333,550,427
57,1,0.81,718,370,765,482
57,2,0.77,493,334,546,427
58,1,0.85,717,367,774,483
58,2,0.71,493,333,539,427
59,1,0.68,718,365,778,478
59,2,0.79,493,331,534,424
60,1,0.82,718,365,778,475
60,2,0.72,491,329,536,424
61,1,0.82,718,365,773,474
61,2,0.77,489,328,537,423
62,1,0.82,719,365,770,475
62,2,0.45,490,329,526,423
63,1,0.82,720,361,772,477
63,2,0.62,485,329,520,411
64,1,0.83,721,357,780,479
64,2,0.82,479,328,532,421
65,1,0.78,720,356,782,474
65,2,0.8,477,325,533,424
66,1,0.84,720,357,781,471
66,2,0.64,477,323,522,422
67,1,0.78,721,358,774,454
67,2,0.74,479,323,536,422
68,1,0.83,722,357,771,463
69,1,0.84,722,355,781,466
69,2,0.74,481,325,530,422
70,1,0.8,719,353,791,470
70,2,0.71,478,324,526,421
71,1,0.83,719,353,790,467
71,2,0.81,479,321,526,419
72,1,0.83,720,354,785,466
72,2,0.67,479,320,520,417
73,1,0.85,720,355,776,467
73,2,0.82,479,320,531,416
74,1,0.85,719,353,782,469
74,2,0.58,478,323,521,404
75,1,0.82,719,350,787,471
75,2,0.77,478,323,519,412
76,1,0.82,718,348,789,460
76,2,0.82,478,321,522,415
77,1,0.82,718,347,785,456
77,2,0.84,477,318,528,416
78,1,0.6,719,346,777,455
78,2,0.76,476,318,534,417
79,1,0.82,719,345,772,457
79,2,0.28,476,319,536,417
80,1,0.85,719,342,778,458
80,2,0.6,476,321,526,417
81,1,0.86,719,340,785,458
81,2,0.81,475,319,521,417
82,1,0.7,719,340,789,455
82,2,0.8,474,316,521,414
83,1,0.77,719,342,788,454
83,2,0.82,472,315,528,413
84,1,0.79,719,343,780,456
84,2,0.79,472,314,517,410
85,1,0.79,720,341,779,457
85,2,0.81,472,315,513,409
86,1,0.79,720,338,785,459
86,2,0.76,474,316,508,407
87,1,0.78,722,336,791,452
87,2,0.78,473,315,514,409
88,1,0.85,724,336,790,448
88,2,0.82,472,312,519,413
89,1,0.84,726,336,784,448
89,2,0.81,471,310,526,409
90,1,0.81,727,337,778,449
90,2,0.56,471,310,530,406
91,1,0.86,730,337,777,451
91,2,0.72,472,312,516,407
92,1,0.84,728,335,785,452
92,2,0.65,471,313,519,407
93,1,0.82,727,335,793,453
93,2,0.82,470,311,515,406
94,1,0.71,730,338,787,452
94,2,0.83,470,308,517,408
95,1,0.76,732,342,789,453
95,2,0.84,470,305,522,406
96,1,0.8,731,344,782,454
96,2,0.77,472,304,515,401
97,1,0.81,732,343,785,456
97,2,0.7,476,305,512,402
98,1,0.81,731,342,790,454
98,2,0.79,477,306,518,403
99,1,0.62,730,342,794,453
99,2,0.8,477,304,522,406
100,1,0.7,730,343,794,459
100,2,0.83,477,302,528,406
101,1,0.72,730,347,784,460
101,2,0.85,477,300,532,404
102,1,0.83,728,348,776,463
102,2,0.68,476,301,536,401
103,1,0.84,726,347,781,467
103,2,0.8,471,304,533,400
104,1,0.84,722,347,786,468
104,2,0.78,474,305,526,402
105,1,0.82,718,350,790,466
105,2,0.8,478,302,523,403
106,1,0.69,718,355,774,467
106,2,0.81,477,300,525,402
107,1,0.79,717,359,770,470
107,2,0.83,476,300,529,401
108,1,0.73,716,362,767,474
108,2,0.83,475,301,534,402
109,1,0.72,714,361,772,479
109,2,0.7,478,305,530,402
110,1,0.78,711,361,776,478
110,2,0.77,487,307,527,401
111,1,0.78,709,361,772,476
111,2,0.71,492,307,532,404
112,1,0.8,709,365,765,478
112,2,0.81,491,307,539,405
113,1,0.83,708,367,756,480
113,2,0.64,493,306,533,405
114,1,0.82,708,367,755,487
114,2,0.52,497,307,537,405
115,1,0.83,702,365,759,489
115,2,0.63,495,310,541,409
116,1,0.84,695,364,763,488
116,2,0.76,499,310,543,410
117,1,0.81,697,365,762,487
117,2,0.83,501,308,540,406
118,1,0.84,698,368,757,484
118,2,0.84,502,306,543,405
119,1,0.83,698,367,750,486
119,2,0.81,503,306,544,404
120,1,0.8,698,363,751,484
120,2,0.73,504,307,545,405
121,1,0.82,696,361,754,484
121,2,0.69,507,309,542,401
122,1,0.8,695,359,754,477
122,2,0.68,509,309,541,398
123,1,0.83,695,362,750,479
123,2,0.71,510,307,552,405
124,1,0.83,694,363,742,476
124,2,0.76,511,306,545,400
125,1,0.8,694,359,739,479
125,2,0.76,510,308,552,400
126,1,0.84,690,359,746,483
126,2,0.74,511,309,546,405
127,1,0.83,687,358,752,485
127,2,0.71,511,311,544,406
128,1,0.85,686,358,751,482
128,2,0.74,511,310,549,408
129,1,0.8,686,360,746,479
129,2,0.75,511,307,552,406
130,1,0.8,686,362,739,478
130,2,0.78,511,306,546,402
131,1,0.72,687,361,741,475
131,2,0.8,511,308,544,401
132,1,0.73,685,360,742,479
132,2,0.81,511,309,545,402
133,1,0.73,686,360,744,471
133,2,0.79,512,309,544,402
134,1,0.73,685,362,737,478
134,2,0.8,512,307,551,405
135,1,0.74,685,365,733,477
135,2,0.79,511,305,556,405
136,1,0.8,684,366,729,482
136,2,0.81,510,306,560,402
137,1,0.78,681,360,732,488
137,2,0.76,511,308,550,399
138,1,0.75,680,360,740,490
138,2,0.73,510,309,546,397
139,1,0.49,679,363,742,497
139,2,0.76,510,308,547,396
140,1,0.68,678,367,731,487
140,2,0.78,508,305,550,401
141,1,0.83,677,369,726,487
141,2,0.77,506,304,550,400
142,1,0.84,677,368,732,485
142,2,0.81,508,305,553,402
143,1,0.81,677,368,734,483
143,2,0.77,508,306,548,401
144,1,0.81,676,369,736,484
144,2,0.8,507,306,550,403
145,1,0.72,676,373,737,485
145,2,0.8,507,303,554,406
146,1,0.8,675,375,730,485
146,2,0.83,508,302,559,405
147,1,0.83,676,375,722,486
147,2,0.78,508,302,562,401
148,1,0.79,676,375,723,489
148,2,0.77,509,303,563,397
149,1,0.64,672,375,717,483
149,2,0.79,509,305,561,402
150,1,0.78,670,379,711,483
150,2,0.81,510,305,554,402
151,1,0.84,669,381,711,488
151,2,0.82,511,303,554,404
152,1,0.76,669,381,716,489
152,2,0.79,512,301,555,401
153,1,0.73,667,378,719,495
153,2,0.71,513,302,554,396
154,1,0.74,665,376,725,482
154,2,0.79,515,304,552,397
155,1,0.71,664,375,720,471
155,2,0.79,515,306,550,401
156,1,0.49,662,376,712,472
156,2,0.79,518,304,554,405
157,1,0.73,660,377,708,483
157,2,0.74,519,302,560,410
158,1,0.82,657,378,703,488
158,2,0.77,514,303,570,411
159,1,0.78,654,376,707,497
159,2,0.75,516,304,569,405
160,1,0.66,654,378,710,501
160,2,0.76,518,306,557,403
161,1,0.79,654,378,707,498
161,2,0.82,516,306,555,405
162,1,0.7,652,377,700,496
162,2,0.69,517,304,556,405
163,1,0.85,653,372,704,490
163,2,0.72,519,301,557,407
164,1,0.82,651,369,705,484
164,2,0.79,520,302,561,407
165,1,0.79,650,367,702,490
165,2,0.78,523,303,557,404
166,1,0.82,649,368,704,484
166,2,0.77,525,304,555,402
167,1,0.81,649,371,696,483
167,2,0.77,526,301,556,398
168,1,0.81,649,370,690,482
168,2,0.78,526,301,561,398
169,1,0.78,648,368,692,485
169,2,0.75,527,301,566,404
170,1,0.73,642,367,698,491
170,2,0.77,528,301,569,402
171,1,0.8,643,368,700,491
171,2,0.77,528,302,570,401
172,1,0.8,645,371,700,485
172,2,0.79,529,303,571,404
173,1,0.83,646,373,695,485
173,2,0.71,532,301,571,406
174,1,0.82,646,372,694,487
174,2,0.81,535,299,571,407
175,1,0.84,647,368,698,492
175,2,0.79,536,299,571,406
176,1,0.82,648,366,700,488
176,2,0.81,539,300,572,404
177,1,0.66,648,367,699,486
177,2,0.77,543,302,573,403
178,1,0.8,647,368,696,483
178,2,0.76,544,302,574,397
179,1,0.79,647,367,691,486
179,2,0.73,544,300,575,397
180,1,0.79,647,365,691,491
180,2,0.75,544,299,580,398
181,1,0.6,642,365,691,494
181,2,0.78,544,300,583,398
182,1,0.77,642,365,695,485
182,2,0.75,544,301,582,401
183,1,0.72,644,366,696,480
183,2,0.71,544,301,581,401
184,1,0.81,643,366,689,479
184,2,0.78,545,300,579,403
185,1,0.74,642,366,687,480
185,2,0.79,544,298,581,403
186,1,0.82,642,363,691,481
186,2,0.76,544,297,582,399
187,1,0.8,642,361,692,487
187,2,0.79,545,299,580,397
188,1,0.8,644,363,693,480
188,2,0.81,546,300,578,400
189,1,0.77,645,366,690,459
189,2,0.73,546,299,580,406
190,1,0.82,646,365,688,478
190,2,0.73,548,298,580,395
191,1,0.79,647,365,686,486
191,2,0.76,546,297,583,395
192,1,0.75,642,365,690,489
192,2,0.63,547,297,583,395
193,1,0.82,641,365,693,488
193,2,0.47,546,299,582,397
194,1,0.72,642,368,693,486
194,2,0.77,545,301,580,399
195,1,0.82,643,370,688,486
195,2,0.78,546,299,581,402
196,1,0.75,644,370,688,489
196,2,0.82,547,298,581,404
197,1,0.78,645,369,689,489
197,2,0.82,549,299,581,403
198,1,0.77,645,368,693,495
198,2,0.77,550,302,584,403
199,1,0.64,644,370,693,493
199,2,0.78,552,304,583,405
200,1,0.69,645,371,690,488
200,2,0.75,553,303,584,404
201,1,0.84,645,371,685,487
201,2,0.72,553,302,586,401
202,1,0.81,644,370,684,491
202,2,0.68,552,302,587,395
203,1,0.75,638,369,684,494
203,2,0.75,553,303,589,396
204,1,0.78,638,369,683,490
204,2,0.76,555,305,590,397
205,1,0.8,639,371,683,488
205,2,0.77,555,305,588,397
206,1,0.81,639,373,685,487
206,2,0.79,554,303,588,398
207,1,0.85,639,373,688,490
207,2,0.6,553,302,586,396
208,1,0.8,639,370,690,496
208,2,0.73,553,302,587,396
209,1,0.79,639,367,693,498
209,2,0.78,556,304,588,400
210,1,0.75,639,367,692,497
210,2,0.77,558,307,589,402
211,1,0.73,639,369,688,496
211,2,0.74,559,308,589,404
212,1,0.81,639,368,682,493
212,2,0.69,559,306,591,401
213,1,0.76,638,367,679,480
213,2,0.69,559,304,593,396
214,1,0.79,637,367,677,470
214,2,0.49,560,303,591,400
215,1,0.78,638,367,676,470
215,2,0.76,560,305,595,400
216,1,0.72,639,370,677,474
216,2,0.74,559,307,595,403
217,1,0.74,638,370,679,485
217,2,0.78,559,306,595,410
218,1,0.68,637,371,683,490
218,2,0.76,559,305,594,407
219,1,0.84,637,368,686,493
219,2,0.78,560,303,595,408
220,1,0.81,636,364,687,499
220,2,0.78,560,302,595,408
221,1,0.55,637,364,687,467
221,2,0.81,561,304,596,408
222,1,0.79,638,365,687,482
222,2,0.69,564,305,598,412
223,1,0.75,636,367,681,484
223,2,0.69,566,304,600,413
224,1,0.82,636,367,677,489
224,2,0.7,567,301,603,422
225,1,0.77,636,367,676,495
225,2,0.56,568,299,606,425
226,1,0.75,632,367,678,496
226,2,0.69,569,299,605,420
227,1,0.76,633,369,679,492
227,2,0.77,568,302,603,406
228,1,0.8,633,370,676,488
228,2,0.78,568,304,600,400
229,1,0.8,631,369,675,488
229,2,0.78,567,302,601,405
230,1,0.8,631,367,676,493
230,2,0.72,567,299,600,405
231,1,0.81,631,365,680,497
231,2,0.39,567,301,603,402
232,1,0.78,630,365,683,497
232,2,0.56,567,302,602,397
233,1,0.72,631,365,684,493
233,2,0.39,569,303,601,390
234,1,0.8,631,364,680,491
234,2,0.79,571,304,602,396
235,1,0.79,631,365,675,494
235,2,0.72,572,304,602,410
236,1,0.68,631,365,672,476
236,2,0.64,571,303,606,419
237,1,0.66,630,366,671,475
237,2,0.73,571,304,607,405
238,1,0.79,630,367,673,485
238,2,0.71,571,307,602,403
239,1,0.81,630,369,677,487
239,2,0.73,568,309,600,406
240,1,0.79,630,367,682,486
240,2,0.78,566,309,600,408
241,1,0.5,631,366,681,493
241,2,0.68,567,307,599,380
242,1,0.4,631,365,679,488
242,2,0.47,568,307,600,403
243,1,0.49,633,366,678,460
243,2,0.77,569,308,599,408
244,1,0.8,633,369,681,478
244,2,0.67,570,311,600,410
245,1,0.78,633,370,680,486
245,2,0.76,572,310,601,416
246,1,0.8,633,369,677,491
246,2,0.75,573,309,602,415
247,1,0.73,636,368,677,495
247,2,0.79,574,307,603,403
248,1,0.62,638,367,675,466
248,2,0.76,574,306,605,401
249,1,0.54,637,368,674,472
249,2,0.77,573,308,605,402
250,1,0.79,634,370,674,480
250,2,0.76,573,309,606,406
251,1,0.83,633,368,676,484
251,2,0.78,574,308,604,409
252,1,0.62,633,365,678,483
252,2,0.78,574,305,604,411
253,1,0.82,633,364,681,487
253,2,0.67,575,303,605,407
254,1,0.8,632,363,685,490
254,2,0.75,576,303,605,401
255,1,0.81,632,365,686,487
255,2,0.62,576,304,606,375
256,1,0.8,633,366,687,486
256,2,0.53,579,304,608,391
257,1,0.82,635,366,681,486
257,2,0.67,580,303,609,397
258,1,0.78,635,364,678,491
258,2,0.75,579,301,611,405
259,1,0.7,634,363,677,497
259,2,0.76,580,301,613,405
260,1,0.76,633,366,676,498
260,2,0.75,580,301,614,403
261,1,0.78,630,367,676,487
261,2,0.72,581,304,613,401
262,1,0.8,630,368,678,485
262,2,0.68,580,304,612,373
263,1,0.81,629,366,682,486
263,2,0.69,579,303,612,391
264,1,0.81,627,363,685,487
264,2,0.73,580,301,613,401
265,1,0.82,628,363,687,491
265,2,0.78,580,302,612,408
266,1,0.56,630,365,685,489
266,2,0.77,579,304,613,410
267,1,0.78,632,367,684,486
267,2,0.69,580,307,613,417
268,1,0.82,633,368,681,489
268,2,0.75,581,309,613,412
269,1,0.84,634,369,678,493
269,2,0.74,578,308,613,413
270,1,0.81,634,368,677,498
270,2,0.67,578,308,612,400
271,1,0.8,633,368,676,493
271,2,0.72,579,308,613,403
272,1,0.81,632,371,676,492
272,2,0.71,578,310,613,401
273,1,0.81,631,372,678,490
273,2,0.75,578,311,610,399
274,1,0.83,630,372,679,488
274,2,0.78,577,309,610,402
275,1,0.82,631,370,677,495
275,2,0.78,576,307,612,405
276,1,0.79,632,369,676,502
276,2,0.78,575,305,613,412
276,15,0.48,1006,157,1028,207
277,1,0.76,632,371,679,501
277,2,0.8,577,308,614,415
278,1,0.8,633,373,681,497
278,2,0.78,577,311,615,419
279,1,0.81,634,375,680,495
279,2,0.79,579,313,614,415
280,1,0.84,635,375,679,499
280,2,0.76,581,313,612,416
281,1,0.8,636,374,676,503
281,2,0.77,582,312,612,411
282,1,0.7,636,374,675,507
282,2,0.76,583,310,612,403
283,1,0.77,635,376,676,501
283,2,0.75,583,312,614,411
284,1,0.82,634,378,675,498
284,2,0.79,580,313,615,413
285,1,0.82,631,380,676,499
285,2,0.81,580,313,614,416
286,1,0.85,632,379,677,499
286,2,0.79,581,311,614,416
287,1,0.82,632,378,677,494
287,2,0.8,581,310,614,420
288,1,0.88,633,376,678,496
288,2,0.77,582,310,615,420
289,1,0.79,635,375,681,495
289,2,0.81,583,312,614,416
290,1,0.81,636,376,683,493
290,2,0.78,584,314,615,414
291,1,0.84,637,376,681,497
291,2,0.78,586,313,615,411
292,1,0.81,638,375,682,501
292,2,0.75,587,311,616,414
293,1,0.77,638,375,682,505
293,2,0.75,586,310,616,407
294,1,0.72,637,376,679,501
294,2,0.72,586,311,618,409
295,1,0.78,637,378,682,502
295,2,0.76,586,312,619,410
296,1,0.8,638,380,680,498
296,2,0.78,584,312,619,413
297,1,0.83,638,379,680,495
297,2,0.81,585,310,621,412
298,1,0.85,638,378,681,499
298,2,0.76,583,309,621,413
299,1,0.84,639,374,681,502
299,2,0.76,583,308,622,412
300,1,0.83,639,373,683,501
300,2,0.77,586,309,621,410
301,1,0.82,639,373,686,496
301,2,0.78,590,311,621,408
302,1,0.82,641,374,688,495
302,2,0.75,592,311,624,407
303,1,0.84,641,374,686,499
303,2,0.77,593,309,625,411
304,1,0.81,641,374,684,504
304,2,0.78,594,307,626,414
305,1,0.78,641,374,685,504
305,2,0.79,597,308,628,413
306,1,0.81,640,375,683,496
306,2,0.81,599,309,628,413
307,1,0.84,638,376,682,491
307,2,0.83,599,310,629,411
308,1,0.82,638,376,682,492
308,2,0.82,599,310,630,409
309,1,0.83,637,374,684,494
309,2,0.82,599,309,630,409
310,1,0.82,638,371,686,496
310,2,0.8,599,308,630,409
311,1,0.78,638,371,689,495
311,2,0.82,599,308,630,406
312,1,0.72,638,373,693,490
312,2,0.8,600,309,630,405
313,1,0.82,637,373,689,490
313,2,0.77,601,309,630,405
314,1,0.81,637,373,685,493
314,2,0.79,601,307,631,403
315,1,0.82,638,372,680,498
315,2,0.76,600,305,632,408
316,1,0.83,636,372,678,501
316,2,0.79,599,305,630,403
317,1,0.8,635,372,677,495
317,2,0.79,597,305,630,401
318,1,0.82,633,375,676,490
318,2,0.79,593,307,630,400
319,1,0.8,632,374,677,494
319,2,0.8,591,306,629,401
319,28,0.6,1225,203,1248,257
320,1,0.8,632,372,676,493
320,2,0.8,591,304,626,405
320,28,0.31,1229,204,1253,261
321,1,0.82,632,370,677,491
321,2,0.79,590,304,625,407
322,1,0.82,632,370,679,490
322,2,0.79,589,305,622,405
323,1,0.84,633,372,682,490
323,2,0.8,589,307,620,400
324,1,0.84,634,375,685,490
324,2,0.82,590,309,619,397
325,1,0.79,635,376,684,493
325,2,0.81,589,308,618,399
326,1,0.81,636,375,680,495
326,2,0.77,588,307,619,403
327,1,0.82,636,375,679,503
327,2,0.78,586,307,619,407
328,1,0.78,635,375,678,503
328,2,0.77,584,309,618,403
329,1,0.83,634,376,677,496
329,2,0.76,583,310,620,400
330,1,0.83,634,377,679,493
330,2,0.79,582,309,618,404
331,1,0.84,634,377,683,491
331,2,0.8,582,307,614,407
332,1,0.83,634,376,685,499
332,2,0.77,581,306,613,406
333,1,0.83,637,376,686,505
333,2,0.8,581,307,611,397
334,1,0.83,639,376,690,500
334,2,0.78,582,309,612,396
335,1,0.81,639,379,696,496
335,2,0.8,583,311,612,394
336,1,0.81,640,381,697,495
336,2,0.8,582,310,612,396
337,1,0.86,641,381,688,498
337,2,0.78,582,308,613,399
338,1,0.85,642,380,684,503
338,2,0.79,582,307,614,401
339,1,0.81,642,378,684,509
339,2,0.78,582,309,614,400
340,1,0.8,642,379,684,497
340,2,0.78,581,310,612,400
341,1,0.83,643,382,687,495
341,2,0.8,579,310,611,401
342,1,0.8,644,384,691,496
342,2,0.79,578,309,610,403
343,1,0.81,645,384,695,497
343,2,0.78,577,309,613,405
344,1,0.81,646,384,696,503
344,2,0.78,576,310,612,403
345,1,0.8,647,384,696,507
345,2,0.71,578,312,612,399
346,1,0.81,648,386,700,505
346,2,0.74,577,313,609,397
347,1,0.82,649,389,702,504
347,2,0.8,577,311,607,398
348,1,0.85,650,391,697,508
348,2,0.78,576,310,609,398
349,1,0.84,653,390,694,514
349,2,0.76,574,310,606,395
350,1,0.8,654,389,693,518
350,2,0.8,570,310,603,395
351,1,0.72,654,389,693,516
351,2,0.82,567,310,603,398
352,1,0.77,654,391,695,511
352,2,0.8,566,308,605,399
353,1,0.79,654,393,696,505
353,2,0.79,563,305,603,399
354,1,0.82,653,394,702,501
354,2,0.81,564,303,600,396
355,1,0.82,653,391,705,498
355,2,0.83,565,304,597,390
356,1,0.84,655,390,706,498
356,2,0.81,566,304,596,394
357,1,0.8,656,389,708,505
357,2,0.8,566,303,594,389
358,1,0.81,657,392,710,505
358,2,0.73,565,301,595,393
359,1,0.83,659,394,709,505
359,2,0.76,565,300,594,395
360,1,0.84,661,394,704,511
360,2,0.77,565,301,597,397
361,1,0.83,662,393,702,516
361,2,0.73,565,302,597,399
362,1,0.75,663,392,702,524
362,2,0.74,563,303,598,400
363,1,0.75,663,393,703,516
363,2,0.61,562,304,598,374
364,1,0.7,663,397,703,515
364,2,0.76,561,303,598,395
365,1,0.72,663,399,705,515
365,2,0.78,562,303,597,395
366,1,0.76,663,398,710,521
366,2,0.77,564,304,597,398
367,1,0.82,663,394,715,518
367,2,0.78,566,306,597,399
368,1,0.84,663,393,717,520
368,2,0.74,565,306,597,404
369,1,0.74,663,393,718,511
369,2,0.71,559,305,601,407
370,1,0.82,663,393,717,508
370,2,0.7,559,304,601,399
371,1,0.82,660,393,711,513
371,2,0.77,558,304,597,390
372,1,0.67,660,391,707,520
372,2,0.74,558,304,595,385
373,1,0.47,660,388,705,526
373,2,0.74,556,302,596,385
374,1,0.51,660,385,705,493
374,2,0.78,556,297,593,389
375,1,0.58,660,384,704,489
375,2,0.77,557,296,592,392
376,1,0.75,659,385,703,495
376,2,0.76,557,297,591,395
377,1,0.8,659,387,702,495
377,2,0.71,558,298,591,390
378,1,0.82,661,387,706,500
378,2,0.71,559,298,590,394
379,1,0.82,662,384,710,503
379,2,0.71,559,296,591,395
380,1,0.83,662,382,712,510
380,2,0.74,559,294,594,396
381,1,0.82,662,382,714,507
381,2,0.68,561,294,593,384
382,1,0.84,663,385,715,500
382,2,0.64,561,297,592,379
383,1,0.81,664,388,712,496
383,2,0.78,560,297,594,382
384,1,0.88,665,390,709,506
384,2,0.79,559,296,595,386
385,1,0.78,665,389,707,512
385,2,0.81,560,293,595,389
386,1,0.75,662,388,708,519
386,2,0.8,562,293,597,386
387,1,0.8,664,390,707,514
387,2,0.77,565,295,601,390
388,1,0.83,664,392,708,516
388,2,0.79,567,295,599,394
389,1,0.84,665,394,711,517
389,2,0.8,568,295,598,400
390,1,0.87,664,393,716,521
390,2,0.66,569,294,598,398
391,1,0.85,663,393,718,528
391,2,0.64,569,294,600,391
392,1,0.85,664,390,718,526
392,2,0.57,572,295,601,384
393,1,0.74,664,390,716,525
393,2,0.54,573,296,602,366
394,1,0.83,665,393,715,518
394,2,0.78,574,296,605,392
395,1,0.81,665,395,710,518
395,2,0.77,573,295,606,401
396,1,0.83,665,396,707,526
396,2,0.77,573,295,607,406
397,1,0.82,666,394,706,534
397,2,0.79,574,298,609,404
398,1,0.78,666,392,710,541
398,2,0.8,576,301,611,405
399,1,0.76,667,392,707,523
399,2,0.8,580,301,613,408
400,1,0.77,666,394,705,494
400,2,0.77,582,301,614,412
401,1,0.85,664,395,708,508
401,2,0.68,582,301,621,411
402,1,0.85,664,395,711,518
402,2,0.71,583,302,620,408
403,1,0.76,663,393,713,524
403,2,0.76,584,303,617,403
404,1,0.81,663,391,714,527
404,2,0.73,584,303,616,405
405,1,0.82,662,391,713,521
405,2,0.82,584,302,617,407
406,1,0.8,662,393,713,510
406,2,0.83,584,301,615,403
407,1,0.86,662,393,711,517
407,2,0.81,583,299,615,398
408,1,0.83,662,390,710,521
408,2,0.82,583,300,617,394
409,1,0.83,661,386,708,525
409,2,0.78,584,300,618,393
410,1,0.81,661,382,706,529
410,2,0.78,584,299,618,393
411,1,0.64,659,383,705,526
411,2,0.78,585,297,617,393
412,1,0.78,658,386,704,514
412,2,0.77,583,296,617,394
413,1,0.78,657,388,709,515
413,2,0.76,584,296,617,393
414,1,0.76,657,388,713,519
414,2,0.77,585,297,616,387
415,1,0.83,657,383,713,525
415,2,0.8,583,298,615,389
416,1,0.81,658,382,712,528
416,2,0.79,582,297,614,391
417,1,0.81,659,382,713,525
417,2,0.79,581,293,613,396
418,1,0.84,661,384,718,520
418,2,0.78,581,293,616,401
419,1,0.82,662,388,721,521
419,2,0.73,582,294,615,392
420,1,0.82,663,389,719,526
420,2,0.77,580,295,614,386
421,1,0.84,664,389,716,531
421,2,0.76,581,294,614,392
422,1,0.8,666,390,715,537
422,2,0.79,583,293,616,392
423,1,0.79,667,391,718,533
423,2,0.79,584,293,620,392
424,1,0.73,668,394,717,526
424,2,0.76,584,296,616,390
425,1,0.8,669,396,718,526
425,2,0.74,584,297,616,393
426,1,0.81,669,398,720,525
426,2,0.77,583,297,616,395
427,1,0.83,671,397,723,531
427,2,0.79,584,296,619,390
428,1,0.87,671,395,727,532
428,2,0.79,585,296,620,391
429,1,0.86,672,392,732,531
429,2,0.76,587,297,621,394
430,1,0.82,672,395,730,528
430,2,0.77,589,301,622,394
431,1,0.85,675,398,728,524
431,2,0.77,591,305,623,399
432,1,0.84,678,401,724,538
432,2,0.75,594,306,625,405
433,1,0.84,679,400,724,545
433,2,0.8,597,305,628,410
434,1,0.83,678,399,725,541
434,2,0.8,598,305,630,413
435,1,0.83,678,400,724,540
435,2,0.76,600,307,631,414
436,1,0.79,676,403,725,537
436,2,0.77,601,311,631,416
437,1,0.76,673,405,725,536
437,2,0.78,601,315,632,416
438,1,0.78,671,405,728,536
438,2,0.78,601,317,634,419
439,1,0.8,671,403,729,541
439,2,0.81,601,317,634,414
440,1,0.8,670,401,727,540
440,2,0.83,602,317,635,412
441,1,0.84,670,402,724,534
441,2,0.82,602,319,635,413
442,1,0.8,670,403,723,529
442,2,0.81,605,321,636,412
443,1,0.83,669,404,719,536
443,2,0.81,606,322,638,416
444,1,0.77,667,404,717,535
444,2,0.81,607,321,639,418
445,1,0.81,667,401,713,537
445,2,0.8,606,318,638,422
446,1,0.82,665,399,709,538
446,2,0.77,606,319,639,421
447,1,0.81,663,399,708,539
447,2,0.74,606,320,641,417
448,1,0.78,660,400,707,528
448,2,0.77,606,322,641,411
449,1,0.81,658,403,708,525
449,2,0.78,605,322,640,412
450,1,0.75,656,402,710,521
450,2,0.8,603,321,639,415
451,1,0.83,655,398,711,524
451,2,0.81,602,319,636,418
452,1,0.82,655,396,711,529
452,2,0.8,601,318,636,417
453,1,0.81,655,394,711,535
453,2,0.79,603,320,636,412
454,1,0.82,654,395,710,534
454,2,0.79,604,321,637,406
455,1,0.83,655,398,712,524
455,2,0.8,605,320,637,408
456,1,0.81,654,400,710,527
456,2,0.8,605,319,635,410
457,1,0.82,655,400,708,534
457,2,0.79,605,316,635,414
458,1,0.81,654,400,707,536
458,2,0.8,604,316,634,415
459,1,0.81,653,399,705,540
459,2,0.8,603,318,634,412
460,1,0.81,654,401,705,540
460,2,0.79,602,319,634,410
461,1,0.83,653,404,704,536
461,2,0.8,601,319,634,414
462,1,0.85,654,406,703,537
462,2,0.8,601,317,633,417
463,1,0.84,655,405,705,541
463,2,0.78,600,317,634,419
464,1,0.81,654,402,705,536
464,2,0.75,599,318,633,415
465,1,0.8,656,401,707,537
465,2,0.75,602,320,634,410
466,1,0.79,659,402,709,540
466,2,0.75,603,321,635,415
467,1,0.78,661,405,715,534
467,2,0.81,605,319,636,417
468,1,0.71,663,408,720,532
468,2,0.75,606,318,638,420
469,1,0.8,665,411,715,535
469,2,0.75,607,318,642,419
470,1,0.82,666,410,714,541
470,2,0.77,607,318,644,414
471,1,0.79,666,409,714,538
471,2,0.75,609,320,643,411
472,1,0.79,666,410,712,536
472,2,0.78,611,320,644,415
473,1,0.74,664,410,713,531
473,2,0.81,612,319,645,418
474,1,0.8,664,410,712,530
474,2,0.78,614,318,646,423
475,1,0.84,664,410,713,537
475,2,0.81,616,318,649,424
476,1,0.8,664,406,712,541
476,2,0.78,618,320,651,422
477,1,0.73,663,405,713,523
477,2,0.81,620,322,653,414
478,1,0.77,664,407,714,523
478,2,0.78,622,322,655,416
479,1,0.8,665,407,714,525
479,2,0.76,624,321,657,415
480,1,0.77,665,407,712,529
480,2,0.77,625,320,659,412
481,1,0.82,665,406,708,534
481,2,0.79,627,321,661,412
482,1,0.72,661,403,706,523
482,2,0.76,627,323,662,418
483,1,0.79,659,402,704,524
483,2,0.78,626,326,662,421
484,1,0.8,656,403,702,529
484,2,0.75,627,328,662,422
485,1,0.71,654,405,700,529
485,2,0.77,629,328,663,420
486,1,0.78,652,404,699,523
486,2,0.79,632,327,664,423
487,1,0.8,651,402,700,531
487,2,0.81,634,328,666,425
488,1,0.83,648,400,699,537
488,2,0.81,634,330,668,427
489,1,0.83,648,398,698,532
489,2,0.82,634,334,671,428
490,1,0.8,647,400,697,523
490,2,0.77,636,335,673,429
491,1,0.81,646,401,697,519
491,2,0.78,641,335,676,429
492,1,0.85,646,402,693,521
492,2,0.79,646,332,678,418
493,1,0.87,645,399,690,520
493,2,0.72,650,331,682,409
494,1,0.82,644,397,690,524
494,2,0.66,651,333,684,397
495,1,0.84,641,396,689,526
495,2,0.81,651,336,686,409
496,1,0.81,638,394,687,521
496,2,0.8,652,338,687,415
497,1,0.81,636,395,683,521
497,2,0.78,657,339,689,419
498,1,0.85,633,395,680,519
498,2,0.76,661,339,692,422
499,1,0.84,631,393,679,520
499,2,0.75,665,340,695,422
500,1,0.83,627,390,679,521
500,2,0.68,669,342,699,418
501,1,0.84,627,388,677,520
501,2,0.72,672,343,704,417
502,1,0.84,627,387,676,511
502,2,0.8,674,343,707,417
503,1,0.84,626,387,674,505
503,2,0.84,675,341,710,417
504,1,0.84,624,386,672,502
504,2,0.84,676,340,712,419
505,1,0.85,622,383,670,493
505,2,0.81,677,340,714,420
506,1,0.84,619,380,667,500
506,2,0.81,678,342,717,422
507,1,0.84,617,377,667,505
507,2,0.81,683,343,719,422
508,1,0.83,613,377,665,496
508,2,0.8,687,342,719,422
509,1,0.85,609,378,659,493
509,2,0.72,690,341,721,416
510,1,0.82,605,377,654,491
510,2,0.78,693,341,724,414
511,1,0.83,599,375,649,491
511,2,0.76,696,342,727,407
512,1,0.84,598,372,644,494
512,2,0.8,698,342,729,397
513,1,0.82,597,369,640,492
513,2,0.7,696,340,731,404
514,1,0.83,594,368,638,490
514,2,0.8,694,337,732,406
515,1,0.87,592,368,636,484
515,2,0.82,693,334,732,411
516,1,0.84,590,368,633,483
516,2,0.83,691,334,731,412
517,1,0.85,587,364,630,481
517,2,0.79,690,335,728,412
518,1,0.86,585,361,628,482
518,2,0.81,691,335,726,414
519,1,0.82,582,360,625,479
519,2,0.8,693,335,725,415
520,1,0.85,579,359,622,472
520,2,0.77,691,333,726,416
521,1,0.83,576,360,622,469
521,2,0.66,687,332,727,418
522,1,0.85,574,360,620,470
522,2,0.57,693,334,728,417
523,1,0.82,572,360,615,470
523,2,0.45,691,335,729,420
524,1,0.8,573,358,613,467
524,2,0.78,698,336,731,419
525,1,0.78,573,357,611,465
525,2,0.79,700,336,733,414
526,1,0.75,573,357,611,462
526,2,0.77,700,336,735,417
527,1,0.67,574,358,612,459
527,2,0.79,701,337,735,412
528,1,0.77,576,361,612,447
528,2,0.78,702,338,736,405
529,1,0.82,577,363,614,454
529,2,0.75,707,340,737,403
530,1,0.79,577,362,619,460
530,2,0.7,709,339,740,405
531,1,0.77,577,361,622,460
531,2,0.76,711,339,741,406
532,1,0.79,577,359,622,459
532,2,0.7,712,340,742,406
533,1,0.82,576,358,620,463
533,2,0.79,712,340,744,401
534,1,0.81,575,358,616,464
534,2,0.75,712,340,746,399
535,1,0.84,574,359,618,468
535,2,0.77,710,339,744,397
536,1,0.82,575,358,616,470
536,2,0.61,708,338,743,395
537,1,0.77,575,356,614,462
537,2,0.66,705,338,742,404
538,1,0.79,576,356,612,454
538,2,0.63,705,339,745,408
539,1,0.79,577,356,612,446
539,2,0.8,707,338,745,414
540,1,0.79,576,358,611,441
540,2,0.75,709,337,743,414
541,1,0.78,575,359,609,438
541,2,0.75,707,336,739,414
542,1,0.82,573,357,610,437
542,2,0.73,708,336,736,414
543,1,0.82,571,354,612,436
543,2,0.73,709,336,736,410
544,1,0.84,568,352,613,433
544,2,0.73,708,336,738,416
545,1,0.84,564,351,611,433
545,2,0.77,706,335,738,416
546,1,0.82,561,350,609,435
546,2,0.77,704,334,738,412
547,1,0.81,560,349,601,438
547,2,0.77,701,333,736,399
548,1,0.84,558,347,595,437
548,2,0.8,698,332,735,392
549,1,0.77,557,345,592,440
549,2,0.82,696,332,734,402
550,1,0.8,555,343,591,443
550,2,0.75,693,334,733,407
551,1,0.81,554,343,589,446
551,2,0.76,693,336,730,410
552,1,0.81,553,344,586,445
552,2,0.72,695,335,727,399
553,1,0.63,552,345,585,428
553,2,0.7,695,334,727,393
554,1,0.81,551,344,584,439
554,2,0.7,697,333,727,391
555,1,0.55,549,343,587,441
555,2,0.65,697,333,727,392
556,1,0.84,550,341,591,440
556,2,0.73,696,332,727,391
557,1,0.79,550,340,590,436
557,2,0.77,696,332,729,389
558,1,0.8,550,340,590,439
558,2,0.75,695,331,728,400
559,1,0.83,551,341,590,444
559,2,0.83,690,329,727,393
560,1,0.84,552,340,591,446
560,2,0.84,687,327,726,388
561,1,0.75,552,339,592,444
561,2,0.83,682,327,726,387
562,1,0.56,553,338,592,442
562,2,0.83,678,328,723,386
563,1,0.69,556,338,592,431
563,2,0.79,674,329,719,399
564,1,0.73,558,341,593,429
564,2,0.67,675,329,713,399
565,1,0.86,560,344,593,427
565,2,0.7,676,328,709,394
566,1,0.87,561,346,595,427
566,2,0.66,677,327,707,388
567,1,0.84,561,346,597,436
567,2,0.48,678,326,705,394
568,1,0.84,562,346,598,440
568,2,0.62,678,326,704,387
569,1,0.83,563,346,601,444
569,2,0.82,678,326,703,384
570,1,0.74,565,345,605,443
570,2,0.8,677,326,704,383
571,1,0.74,566,344,606,445
571,2,0.81,674,324,703,381
572,1,0.73,567,343,609,446
572,2,0.81,672,322,702,378
573,1,0.69,569,342,611,444
573,2,0.78,669,320,702,378
574,1,0.71,572,343,610,443
574,2,0.76,665,320,703,388
575,1,0.77,575,345,610,430
575,2,0.78,662,320,702,385
576,1,0.72,577,346,610,424
576,2,0.73,659,320,701,391
577,1,0.8,578,346,615,434
577,2,0.75,656,320,701,398
578,1,0.78,579,345,619,431
578,2,0.76,656,319,700,402
579,1,0.81,581,344,619,433
579,2,0.82,662,318,699,404
580,1,0.77,581,345,621,431
580,2,0.79,664,318,699,405
581,1,0.73,583,346,624,432
581,2,0.79,663,318,699,407
582,1,0.78,584,347,627,428
582,2,0.75,663,320,699,405
583,1,0.8,586,347,628,421
583,2,0.76,664,321,702,403
584,1,0.83,588,346,630,440
584,2,0.74,665,321,703,404
585,1,0.78,590,345,632,443
585,2,0.79,667,321,704,404
586,1,0.66,592,345,633,428
586,2,0.82,666,320,703,405
587,1,0.64,592,345,632,439
587,2,0.79,665,320,702,404
588,1,0.82,594,346,634,444
588,2,0.78,664,319,702,403
589,1,0.83,595,347,639,444
589,2,0.78,662,319,701,402
590,1,0.81,595,346,643,447
590,2,0.77,660,320,700,402
591,1,0.78,594,345,647,445
591,2,0.79,660,321,699,402
592,1,0.7,593,345,645,445
592,2,0.81,661,321,698,402
593,1,0.73,592,344,641,444
593,2,0.78,663,321,697,402
594,1,0.82,590,345,637,442
594,2,0.79,664,319,695,404
595,1,0.85,588,346,633,442
595,2,0.79,664,319,694,405
596,1,0.84,587,346,628,448
596,2,0.75,664,319,694,405
597,1,0.78,587,346,625,429
597,2,0.68,665,319,695,407
598,1,0.83,588,346,624,442
598,2,0.64,666,322,697,408
599,1,0.85,588,347,624,449
599,2,0.66,666,323,697,407
600,1,0.84,588,349,625,454
600,2,0.57,667,325,698,389
601,1,0.82,589,351,627,453
601,2,0.82,666,324,699,404
602,1,0.76,589,351,628,438
602,2,0.8,664,323,699,407
603,1,0.83,589,349,629,448
603,2,0.74,663,321,700,406
604,1,0.82,588,350,629,447
604,2,0.63,661,321,699,405
605,1,0.68,588,351,629,435
605,2,0.79,659,322,698,405
606,1,0.81,589,351,628,445
606,2,0.79,659,323,696,407
607,1,0.76,590,351,627,447
607,2,0.81,660,324,694,408
608,1,0.57,590,351,629,448
608,2,0.79,660,324,694,409
609,1,0.46,594,351,628,432
609,2,0.8,661,325,695,411
610,1,0.74,596,352,630,447
610,2,0.73,662,325,696,411
611,1,0.79,598,352,630,447
611,2,0.68,663,324,697,412
612,1,0.81,598,351,631,454
612,2,0.79,662,322,698,389
613,1,0.79,598,351,632,453
613,2,0.51,661,320,697,378
614,1,0.79,597,350,633,448
614,2,0.7,661,320,696,384
615,1,0.81,595,349,637,452
615,2,0.7,659,319,695,388
616,1,0.8,594,349,637,454
616,2,0.62,659,319,695,382
617,1,0.78,592,350,636,455
617,2,0.46,660,319,694,375
618,1,0.84,590,351,635,455
618,2,0.53,663,321,696,387
619,1,0.83,590,351,632,454
619,2,0.67,666,322,697,381
620,1,0.82,591,351,631,455
620,2,0.63,668,322,699,395
621,1,0.79,592,351,631,456
621,2,0.64,667,322,700,400
622,1,0.79,595,350,632,454
622,2,0.58,667,322,701,391
623,1,0.82,596,351,633,449
623,2,0.54,664,321,700,395
624,1,0.84,598,352,635,444
624,2,0.7,664,322,699,398
625,1,0.84,599,352,636,445
625,2,0.7,663,322,698,402
626,1,0.82,597,350,639,445
626,2,0.7,664,321,697,405
627,1,0.82,597,348,639,446
627,2,0.76,664,319,698,406
628,1,0.83,597,347,638,446
628,2,0.75,665,318,697,406
629,1,0.84,595,345,637,450
629,2,0.56,666,317,698,409
630,1,0.83,593,345,635,450
630,2,0.75,667,318,699,412
631,1,0.83,592,345,633,449
631,2,0.77,669,319,700,411
632,1,0.83,591,345,631,447
632,2,0.77,670,318,700,409
633,1,0.83,590,346,630,449
633,2,0.78,668,316,700,412
634,1,0.83,590,345,629,450
634,2,0.78,667,315,700,413
635,1,0.81,590,346,628,448
635,2,0.74,666,315,700,408
636,1,0.82,589,347,628,443
636,2,0.78,664,316,698,402
637,1,0.82,589,349,628,441
637,2,0.77,665,315,696,401
638,1,0.83,588,348,627,445
638,2,0.77,665,313,695,402
639,1,0.83,587,347,626,448
639,2,0.76,665,311,695,403
640,1,0.83,585,345,625,449
640,2,0.71,664,310,696,407
641,1,0.8,579,344,624,453
641,2,0.69,665,310,696,399
642,1,0.81,578,344,621,450
642,2,0.67,664,312,699,395
643,1,0.81,576,344,618,450
643,2,0.7,665,313,699,398
644,1,0.82,576,344,614,448
644,2,0.71,665,312,699,400
645,1,0.82,573,344,612,449
645,2,0.72,664,311,697,397
646,1,0.81,573,344,611,449
646,2,0.71,662,312,695,396
647,1,0.83,572,346,611,450
647,2,0.78,661,312,692,400
648,1,0.49,573,349,612,433
648,2,0.76,659,311,691,397
649,1,0.81,573,351,613,445
649,2,0.77,657,311,690,397
650,1,0.7,573,351,613,452
650,2,0.64,655,310,689,397
651,1,0.48,573,352,612,438
651,2,0.66,656,311,688,395
652,1,0.56,574,354,611,433
652,2,0.78,657,311,690,397
653,1,0.75,574,356,612,434
653,2,0.8,658,312,690,397
654,1,0.69,575,357,613,437
654,2,0.79,657,312,688,401
655,1,0.74,576,360,621,452
655,2,0.8,655,312,686,401
656,1,0.72,581,362,621,458
656,2,0.83,652,312,685,403
657,1,0.7,584,367,622,448
657,2,0.78,649,313,683,410
658,1,0.78,586,369,625,463
658,2,0.78,647,313,681,412
659,1,0.74,586,369,629,471
659,2,0.78,646,313,679,412
660,1,0.73,586,369,635,476
660,2,0.79,644,313,678,408
661,1,0.63,587,370,637,479
661,2,0.8,644,315,677,405
662,1,0.77,587,371,635,475
662,2,0.81,644,316,676,399
663,1,0.75,587,373,632,457
663,2,0.78,644,316,675,399
664,1,0.75,587,374,630,466
664,2,0.77,642,316,674,401
665,1,0.7,589,373,630,470
665,2,0.8,640,316,672,403
666,1,0.75,595,372,633,479
666,2,0.82,637,317,669,404
667,1,0.77,599,374,637,483
667,2,0.84,635,318,667,402
668,1,0.78,601,376,641,487
668,2,0.75,634,319,666,407
669,1,0.79,604,377,647,488
669,2,0.75,634,320,666,408
670,1,0.77,606,378,648,489
670,2,0.79,633,320,666,408
671,1,0.78,607,379,649,490
671,2,0.77,633,322,666,407
672,1,0.8,608,381,649,485
672,2,0.77,633,323,665,405
673,1,0.79,610,382,649,485
673,2,0.78,632,323,663,407
674,1,0.77,612,382,651,488
674,2,0.76,629,323,663,408
675,1,0.77,612,379,653,490
675,2,0.72,627,324,662,405
676,1,0.74,615,377,657,486
676,2,0.68,625,327,660,406
677,1,0.75,618,380,666,479
677,2,0.73,624,328,655,395
678,1,0.72,620,382,673,476
678,2,0.64,623,329,653,390
679,1,0.78,622,382,677,483
679,2,0.5,622,330,651,404
680,1,0.81,625,380,676,488
680,2,0.5,621,331,650,399
681,1,0.81,628,379,676,484
681,2,0.7,620,331,648,399
682,1,0.82,631,380,677,481
682,2,0.71,618,330,645,402
683,1,0.78,632,380,677,480
683,2,0.66,614,329,644,408
684,1,0.8,634,379,680,480
684,2,0.71,613,329,643,412
685,1,0.8,636,377,682,483
685,2,0.7,612,330,642,415
686,1,0.79,638,377,686,481
686,2,0.71,611,331,639,411
687,1,0.81,640,377,688,479
687,2,0.65,609,330,636,408
688,1,0.8,644,378,692,478
688,2,0.73,607,328,635,408
689,1,0.82,647,379,695,478
689,2,0.74,607,329,635,410
690,1,0.8,648,379,694,480
690,2,0.57,606,329,634,405
691,1,0.81,649,378,694,478
691,2,0.63,605,331,634,397
692,1,0.82,649,377,694,476
692,2,0.72,603,331,631,402
693,1,0.82,649,377,694,479
693,2,0.71,601,332,629,404
694,1,0.84,649,379,694,484
694,2,0.71,600,333,626,407
695,1,0.81,649,378,696,485
695,2,0.61,598,334,627,408
696,1,0.78,649,378,699,484
696,2,0.47,596,336,623,409
697,1,0.56,649,379,701,485
697,2,0.67,596,337,619,397
698,1,0.75,651,381,702,482
698,2,0.71,594,338,618,394
699,1,0.67,652,383,703,464
699,2,0.75,591,338,617,403
700,1,0.81,655,385,701,476
700,2,0.76,588,338,617,407
701,1,0.64,656,384,702,484
701,2,0.71,586,340,616,411
702,1,0.76,657,384,703,488
702,2,0.71,583,341,612,412
703,1,0.82,659,385,704,485
703,2,0.63,581,342,611,413
704,1,0.82,661,385,704,483
704,2,0.69,578,342,610,415
705,1,0.75,664,385,707,481
705,2,0.65,576,342,617,420
706,1,0.79,666,385,711,482
707,1,0.79,669,386,714,483
708,1,0.81,671,388,720,481
709,1,0.81,675,389,723,482
709,2,0.67,562,347,597,420
710,1,0.8,679,389,724,482
710,2,0.79,559,347,589,419
711,1,0.82,682,387,724,484
711,2,0.78,556,346,587,420
712,1,0.82,686,386,725,485
712,2,0.77,551,344,587,420
713,1,0.79,686,385,727,484
713,2,0.5,549,340,586,418
714,1,0.79,689,384,728,474
714,2,0.69,546,340,582,401
715,1,0.61,690,383,731,460
715,2,0.66,545,341,580,395
716,1,0.64,694,382,735,454
716,2,0.66,544,339,571,389
717,1,0.81,696,379,739,449
718,1,0.78,700,375,745,446
718,2,0.73,538,334,562,383
719,1,0.74,703,375,750,458
719,2,0.5,536,332,560,381
720,1,0.77,706,373,753,466
721,1,0.69,710,372,753,463
721,2,0.69,531,332,555,391
722,1,0.79,713,367,753,441
722,2,0.78,529,331,555,393
723,1,0.5,718,365,754,433
723,2,0.76,527,329,557,395
724,1,0.53,718,363,760,452
724,2,0.69,526,325,557,378
725,1,0.65,721,362,762,455
725,2,0.82,523,321,556,369
726,1,0.58,722,361,760,438
726,2,0.76,522,320,557,363
727,1,0.6,722,361,761,439
727,2,0.78,521,319,558,366
728,1,0.75,722,360,763,446
728,2,0.78,524,317,555,365
729,1,0.7,723,358,766,435
729,2,0.8,526,314,553,372
730,1,0.62,725,355,769,429
730,2,0.77,525,311,554,375
731,1,0.72,726,353,771,428
731,2,0.75,525,307,558,378
732,1,0.71,728,355,772,438
732,2,0.75,526,306,562,377
733,1,0.8,728,355,772,440
733,2,0.75,526,308,562,373
734,1,0.8,729,357,771,444
734,2,0.61,527,306,562,372
735,1,0.79,730,357,771,447
735,2,0.5,527,305,558,372
736,1,0.75,729,358,776,452
736,2,0.43,528,305,557,371
737,1,0.44,729,361,775,447
737,2,0.5,529,304,558,358
738,1,0.69,729,365,774,445
738,2,0.64,531,305,561,355
739,1,0.69,729,367,771,448
739,2,0.48,533,307,563,357
740,1,0.72,728,367,772,454
740,2,0.41,534,309,562,359
741,1,0.77,729,367,773,458
741,2,0.67,534,307,564,372
742,1,0.64,731,367,777,462
742,2,0.73,535,305,566,378
743,1,0.64,729,368,778,467
743,2,0.4,535,305,567,379
744,1,0.62,728,372,776,464
744,2,0.41,537,306,568,378
745,1,0.77,727,374,771,463
745,2,0.72,538,309,572,381
746,1,0.8,727,376,768,464
746,2,0.74,536,309,568,377
747,1,0.78,727,375,768,465
747,2,0.79,536,308,568,380
748,1,0.6,727,375,766,450
748,2,0.75,537,306,569,381
749,1,0.72,721,379,768,464
749,2,0.74,538,306,571,382
750,1,0.75,721,382,770,470
750,2,0.74,541,309,570,380
751,1,0.69,723,384,771,477
751,2,0.79,544,311,570,382
752,1,0.74,722,384,772,482
752,2,0.78,545,310,570,385
753,1,0.71,721,385,771,484
753,2,0.74,547,308,573,387
754,1,0.86,720,386,769,468
754,2,0.65,547,306,575,387
755,1,0.78,718,388,764,470
755,2,0.55,548,305,576,387
756,1,0.7,714,389,760,470
756,2,0.61,548,307,577,384
757,1,0.82,717,387,757,475
757,2,0.77,548,309,578,385
758,1,0.75,718,386,757,481
758,2,0.76,550,310,578,384
759,1,0.65,718,386,757,479
759,2,0.73,551,310,581,386
760,1,0.65,719,388,755,468
760,2,0.45,554,306,583,384
761,1,0.66,716,390,753,464
761,2,0.73,556,305,585,387
762,1,0.58,716,388,753,464
762,2,0.65,558,307,587,386
763,1,0.68,712,388,754,473
763,2,0.72,560,305,591,382
764,1,0.74,716,388,754,464
764,2,0.79,563,305,593,379
765,1,0.77,714,390,754,462
765,2,0.8,566,304,595,379
766,1,0.78,713,390,749,468
766,2,0.79,568,301,599,379
767,1,0.78,709,389,746,476
767,2,0.75,571,300,602,381
768,1,0.75,708,390,746,482
768,2,0.76,573,301,607,383
769,1,0.69,701,389,742,478
769,2,0.72,577,302,612,386
770,1,0.71,701,390,739,476
770,2,0.74,580,301,614,386
771,1,0.75,699,392,738,475
771,2,0.78,582,300,616,385
772,1,0.77,695,392,736,481
772,2,0.8,585,300,619,385
773,1,0.78,693,389,735,483
773,2,0.78,587,300,623,387
774,1,0.71,690,387,735,485
774,2,0.78,589,300,626,390
775,1,0.76,687,387,731,481
775,2,0.75,590,301,629,393
776,1,0.79,685,387,729,479
776,2,0.72,594,302,632,393
777,1,0.76,681,390,722,477
777,2,0.76,599,302,632,389
778,1,0.83,678,387,716,484
778,2,0.73,601,301,632,385
779,1,0.79,677,385,712,485
779,2,0.76,602,301,633,385
780,1,0.73,673,382,710,487
780,2,0.75,604,300,635,384
781,1,0.79,670,383,706,476
781,2,0.68,605,300,637,376
782,1,0.53,671,385,702,458
782,2,0.7,605,300,639,377
783,1,0.71,668,387,703,468
783,2,0.76,607,300,639,377
784,1,0.64,662,385,702,471
784,2,0.76,607,299,639,382
785,1,0.72,660,385,701,471
785,2,0.75,608,299,639,381
786,1,0.78,659,385,700,474
786,2,0.77,607,298,640,382
787,1,0.73,657,384,699,474
787,2,0.75,607,294,641,384
788,1,0.77,654,382,695,474
788,2,0.73,607,290,642,381
789,1,0.82,652,381,690,477
789,2,0.76,608,289,641,375
790,1,0.81,651,378,687,481
790,2,0.78,611,288,642,375
791,1,0.75,649,377,686,480
791,2,0.8,612,288,643,374
792,1,0.78,648,376,684,478
792,2,0.81,613,288,644,376
793,1,0.77,645,377,684,475
793,2,0.78,614,286,646,377
794,1,0.77,643,379,683,473
794,2,0.8,615,285,647,374
795,1,0.76,642,378,682,472
795,2,0.8,616,286,647,367
796,1,0.81,639,376,682,474
796,2,0.8,618,286,648,364
797,1,0.79,639,374,682,479
797,2,0.79,619,285,649,364
798,1,0.73,640,374,682,482
798,2,0.75,621,283,650,367
799,1,0.62,642,375,682,477
799,2,0.75,623,282,653,366
800,1,0.76,642,377,682,471
800,2,0.74,625,282,655,368
801,1,0.81,643,378,681,473
801,2,0.79,627,284,658,364
802,1,0.81,643,379,680,477
802,2,0.8,630,285,661,363
803,1,0.77,642,379,679,478
803,2,0.78,632,284,663,365
804,1,0.75,642,379,678,470
804,2,0.74,635,282,665,371
805,1,0.79,640,381,677,471
805,2,0.7,636,281,667,364
806,1,0.81,639,384,677,476
806,2,0.71,638,282,668,365
807,1,0.82,637,385,677,480
807,2,0.71,640,284,669,364
808,1,0.81,636,386,677,483
808,2,0.65,641,287,671,366
809,1,0.71,637,386,676,482
809,2,0.62,643,286,672,373
810,1,0.77,637,386,676,476
810,2,0.66,645,285,674,373
811,1,0.77,637,387,676,475
811,2,0.73,648,286,675,370
812,1,0.8,636,389,675,482
812,2,0.75,649,288,677,370
813,1,0.82,636,391,674,487
813,2,0.73,651,291,680,373
814,1,0.8,635,392,673,493
814,2,0.68,652,291,682,375
815,1,0.81,635,393,672,501
815,2,0.74,653,292,684,381
816,1,0.76,634,394,671,505
816,2,0.67,653,291,686,385
817,1,0.8,633,395,669,503
817,2,0.8,653,292,687,380
818,1,0.84,631,398,667,497
818,2,0.79,654,295,686,379
819,1,0.86,630,400,666,495
819,2,0.79,657,297,687,382
820,1,0.83,629,401,666,496
820,2,0.78,659,297,687,384
821,1,0.79,628,401,665,498
821,2,0.76,659,299,689,386
822,1,0.83,629,400,665,502
822,2,0.75,658,300,693,389
823,1,0.84,627,400,665,505
823,2,0.76,660,302,696,387
824,1,0.84,627,399,667,497
824,2,0.69,662,301,698,388
825,1,0.84,627,401,668,500
825,2,0.57,668,301,699,364
826,1,0.79,627,402,667,503
826,2,0.44,669,300,700,373
827,1,0.78,627,400,666,508
827,2,0.76,670,299,701,376
828,1,0.71,627,399,666,498
828,2,0.78,670,299,701,378
829,1,0.76,627,399,665,494
829,2,0.79,671,300,700,377
830,1,0.75,626,398,664,502
830,2,0.55,672,300,700,379
831,1,0.83,624,399,663,502
831,2,0.66,671,298,701,385
832,1,0.83,623,399,662,504
832,2,0.64,670,298,702,385
833,1,0.8,623,398,660,501
833,2,0.58,671,297,703,385
834,1,0.78,623,397,657,504
834,2,0.7,674,296,705,382
835,1,0.72,623,395,655,508
835,2,0.33,675,295,705,384
836,1,0.66,623,395,654,500
836,2,0.64,674,292,705,384
837,1,0.77,623,396,654,492
837,2,0.74,675,290,706,385
838,1,0.83,623,397,656,490
838,2,0.72,675,290,705,379
839,1,0.8,621,398,658,495
839,2,0.74,675,290,705,377
840,1,0.77,620,397,660,497
840,2,0.68,675,290,704,377
841,1,0.79,618,395,660,502
841,2,0.6,674,288,703,378
842,1,0.76,618,393,659,502
842,2,0.67,675,288,704,374
843,1,0.81,618,393,657,497
843,2,0.51,674,288,704,371
844,1,0.83,617,394,655,495
844,2,0.59,672,289,705,372
845,1,0.79,616,395,653,496
845,2,0.59,672,287,706,373
846,1,0.81,616,396,653,502
846,2,0.68,673,286,707,376
847,1,0.77,615,395,652,509
847,2,0.65,672,283,707,375
848,1,0.72,613,394,653,510
848,2,0.62,673,283,705,368
849,1,0.74,616,395,654,504
849,2,0.72,672,283,704,367
850,1,0.73,617,397,657,500
850,2,0.67,671,285,702,367
851,1,0.8,618,397,657,502
851,2,0.51,671,286,702,368
852,1,0.72,618,398,656,495
852,2,0.44,673,285,702,367
853,1,0.51,619,397,656,478
854,1,0.76,618,398,655,472
854,2,0.51,673,284,702,365
855,1,0.68,618,399,655,472
855,2,0.62,673,282,703,366
856,1,0.78,617,401,654,486
856,2,0.71,674,281,704,366
857,1,0.79,616,402,654,495
857,2,0.44,673,281,703,371
858,1,0.74,618,400,654,500
858,2,0.6,672,279,703,368
859,1,0.67,619,400,655,501
859,2,0.65,669,278,701,370
860,1,0.7,619,400,662,504
860,2,0.45,668,278,701,370
861,1,0.82,619,402,666,508
861,2,0.51,667,280,699,373
862,1,0.79,620,404,668,515
862,2,0.48,666,283,698,352
863,1,0.81,621,406,664,521
863,2,0.6,666,286,699,371
864,1,0.78,621,406,662,524
864,2,0.49,667,288,699,350
865,1,0.58,620,406,662,529
865,2,0.37,668,291,699,344
866,1,0.74,620,406,660,526
866,2,0.56,667,294,699,344
867,1,0.78,618,409,659,524
867,2,0.44,663,293,700,349
868,1,0.81,617,412,661,519
868,2,0.37,660,293,701,350
869,1,0.75,617,415,660,528
869,2,0.45,659,293,701,359
870,1,0.74,615,415,659,536
870,2,0.59,657,295,701,364
871,1,0.67,617,412,657,532
871,2,0.38,658,296,701,372
872,1,0.78,618,412,656,528
872,2,0.48,662,296,702,381
873,1,0.76,618,414,656,526
874,1,0.78,618,416,660,527
875,1,0.69,617,416,659,532
875,2,0.56,676,296,708,380
876,1,0.76,617,413,658,534
876,2,0.73,681,297,709,375
877,1,0.54,614,410,658,532
877,2,0.61,681,295,713,379
878,1,0.74,613,408,657,521
878,2,0.69,682,294,714,381
879,1,0.83,611,408,654,518
879,2,0.63,680,290,717,383
880,1,0.83,610,408,653,520
880,2,0.55,680,288,717,382
881,1,0.79,609,406,652,524
881,2,0.67,679,287,717,379
882,1,0.77,606,405,650,528
882,2,0.65,680,287,715,377
883,1,0.78,603,404,647,532
883,2,0.62,676,287,713,381
884,1,0.77,603,404,644,534
884,2,0.74,678,286,714,385
885,1,0.73,602,403,643,531
885,2,0.58,680,287,715,361
886,1,0.8,602,403,644,525
886,2,0.58,675,288,718,387
887,1,0.74,599,405,647,521
887,2,0.53,679,291,720,367
888,1,0.73,597,406,649,523
888,2,0.56,682,295,720,358
889,1,0.74,594,406,646,527
889,2,0.55,683,297,722,355
890,1,0.72,593,405,641,531
890,2,0.58,686,301,724,356
891,1,0.77,591,404,637,535
891,2,0.62,688,302,727,355
892,1,0.76,587,405,634,538
892,2,0.56,687,302,729,357
893,1,0.78,584,405,633,530
893,2,0.67,685,303,730,378
894,1,0.63,581,407,631,525
894,2,0.56,681,301,733,392
895,1,0.77,579,409,628,524
895,2,0.71,680,299,733,397
896,1,0.79,578,408,626,530
896,2,0.55,678,296,733,400
897,1,0.5,576,406,623,507
897,2,0.73,682,296,731,400
898,1,0.58,571,401,619,524
898,2,0.68,683,295,729,400
899,1,0.71,566,400,617,499
899,2,0.33,683,295,727,404
900,1,0.61,573,402,617,501
900,2,0.74,686,293,726,396
901,1,0.61,574,405,618,509
901,2,0.63,681,290,730,406
902,1,0.51,574,406,620,519
902,2,0.56,684,289,732,400
903,1,0.84,576,404,620,500
903,2,0.72,686,289,734,397
904,1,0.5,574,399,623,491
904,2,0.76,688,289,736,398
905,1,0.83,573,393,624,486
905,2,0.78,692,288,738,399
906,1,0.74,570,392,623,483
906,2,0.66,694,286,741,400
907,1,0.76,570,392,621,492
907,2,0.56,700,283,744,396
908,1,0.76,572,392,619,482
908,2,0.62,703,281,745,389
909,1,0.59,574,392,617,477
909,2,0.52,706,281,745,388
910,1,0.69,570,387,618,508
910,2,0.71,709,282,746,360
911,1,0.64,570,385,627,509
911,2,0.51,705,279,747,382
912,1,0.65,572,382,629,516
912,2,0.52,699,278,750,396
913,1,0.68,574,382,625,513
913,2,0.35,695,278,753,404
914,1,0.56,576,383,623,491
914,44,0.66,717,282,753,346
915,1,0.8,578,384,623,506
915,2,0.47,713,281,756,394
916,1,0.78,577,385,625,516
916,2,0.62,718,284,757,391
917,1,0.68,576,386,626,524
917,2,0.36,716,282,760,397
918,1,0.82,573,383,625,533
918,2,0.59,720,283,764,367
919,1,0.82,568,380,624,543
919,2,0.49,721,284,770,368
920,1,0.64,567,378,623,530
920,2,0.47,719,285,763,358
921,1,0.72,563,378,619,497
921,2,0.54,716,285,762,361
922,1,0.73,556,378,615,505
922,2,0.46,710,286,765,382
923,1,0.83,548,378,612,516
923,2,0.55,710,286,766,391
924,1,0.72,553,377,615,524
924,2,0.33,711,286,768,383
925,1,0.55,552,374,613,531
925,2,0.58,717,286,769,375
926,1,0.57,551,374,613,534
926,2,0.46,723,288,771,361
927,1,0.76,553,376,613,528
927,2,0.62,725,290,772,373
928,1,0.8,564,379,614,531
928,2,0.51,726,289,773,382
929,1,0.81,566,382,624,536
929,2,0.34,724,289,774,388
930,1,0.77,569,383,636,540
931,1,0.72,568,378,629,532
931,2,0.38,723,284,777,395
932,1,0.75,567,374,629,539
932,2,0.62,719,282,777,399
933,1,0.66,568,374,628,524
933,2,0.63,728,281,778,373
934,1,0.82,569,373,628,526
934,2,0.7,733,281,781,359
935,1,0.52,568,373,625,496
935,2,0.68,728,279,784,389
936,1,0.8,564,371,619,518
936,2,0.48,731,278,788,393
937,1,0.6,562,369,616,524
937,2,0.58,733,278,789,394
938,1,0.81,556,365,617,526
938,2,0.72,734,278,789,397
939,1,0.57,557,363,617,530
939,2,0.76,735,279,790,400
940,1,0.81,564,364,616,519
940,2,0.79,738,278,791,400
941,1,0.8,567,365,620,515
941,2,0.81,742,275,794,407
942,1,0.79,568,363,626,517
942,2,0.79,737,273,796,412
943,1,0.79,568,359,627,488
943,2,0.75,738,272,797,415
944,1,0.77,567,351,628,503
944,2,0.68,747,274,797,379
945,1,0.56,568,347,631,475
945,2,0.62,753,275,799,392
946,1,0.85,567,346,629,463
946,2,0.77,748,273,801,404
947,1,0.53,561,343,630,488
947,2,0.81,745,270,803,405
948,1,0.65,566,342,627,474
948,2,0.74,742,269,806,404
949,1,0.67,569,339,621,456
949,2,0.73,747,269,808,400
950,1,0.61,568,334,624,472
950,2,0.8,748,269,808,398
951,1,0.49,572,326,630,463
951,2,0.8,755,266,810,401
952,1,0.81,569,322,629,463
952,2,0.83,759,261,812,397
953,1,0.68,563,317,630,467
953,2,0.81,759,257,814,396
954,1,0.55,567,316,629,453
954,2,0.81,762,256,814,393
955,1,0.86,570,313,627,447
955,2,0.82,764,256,813,393
956,1,0.83,573,310,635,456
956,2,0.73,764,255,815,394
957,1,0.77,571,305,645,454
957,2,0.78,761,252,812,389
958,1,0.84,565,299,648,462
958,2,0.81,757,248,816,387
959,1,0.87,557,293,646,466
959,2,0.83,753,246,816,388
960,1,0.87,557,289,645,465
960,2,0.7,750,246,814,383
961,1,0.75,564,288,636,456
961,2,0.71,757,247,816,379
962,1,0.8,571,286,625,444
962,2,0.79,754,244,812,384
963,1,0.77,571,285,623,441
963,2,0.77,755,241,809,384
964,1,0.85,565,281,624,439
964,2,0.81,753,239,804,380
965,1,0.85,556,277,625,444
965,2,0.85,750,238,799,383
966,1,0.86,550,277,623,444
966,2,0.82,749,238,791,362
967,1,0.81,549,280,619,440
967,2,0.79,745,238,786,363
968,1,0.84,557,283,627,437
968,2,0.77,738,235,780,366
969,1,0.83,562,286,636,442
969,2,0.78,731,232,777,367
970,1,0.87,561,285,641,449
970,2,0.72,726,232,773,374
971,1,0.87,556,283,639,454
971,2,0.83,721,233,770,373
972,1,0.86,558,281,635,451
972,2,0.75,718,235,768,372
973,1,0.86,564,286,635,445
973,2,0.84,712,236,761,367
974,1,0.85,572,290,636,450
974,2,0.82,709,235,763,368
975,1,0.84,576,294,635,456
975,2,0.75,705,236,754,371
976,1,0.85,577,296,642,460
976,2,0.78,701,241,748,375
977,1,0.81,574,298,645,469
977,2,0.8,698,245,742,373
978,1,0.8,577,302,644,466
978,2,0.76,692,250,735,376
979,1,0.8,584,307,650,469
979,2,0.79,687,252,731,377
980,1,0.85,592,314,659,478
980,2,0.78,683,255,727,379
981,1,0.79,597,320,665,471
981,2,0.84,678,261,727,391
982,1,0.87,599,322,664,487
982,2,0.79,677,266,723,399
983,1,0.86,602,325,661,496
983,2,0.81,674,269,720,401
984,1,0.82,604,327,661,503
984,2,0.78,672,272,717,399
985,1,0.63,606,333,661,505
985,2,0.76,668,273,712,396
986,1,0.82,608,337,664,508
986,2,0.81,666,276,709,394
987,1,0.83,611,340,665,508
987,2,0.79,662,279,705,399
988,1,0.83,612,339,668,506
988,2,0.81,657,282,702,402
989,1,0.8,613,340,678,509
989,2,0.77,652,285,699,404
990,1,0.84,618,341,680,500
990,2,0.8,653,287,696,402
991,1,0.81,620,345,688,505
991,2,0.81,651,287,694,397
992,1,0.85,624,349,692,504
992,2,0.81,650,288,693,391
993,1,0.85,628,351,693,508
993,2,0.75,651,291,693,389
994,1,0.86,630,350,689,512
994,2,0.78,652,293,693,388
995,1,0.81,631,348,685,519
995,2,0.75,652,294,693,385
996,1,0.76,630,346,685,521
996,2,0.79,652,294,695,384
997,1,0.74,630,347,685,523
997,2,0.82,653,293,696,386
998,1,0.81,628,351,686,515
998,2,0.8,654,294,697,391
999,1,0.85,627,353,687,510
999,2,0.79,653,297,697,391
1000,1,0.86,626,355,688,510
1000,2,0.69,653,300,696,387
1001,1,0.84,625,353,691,516
1001,2,0.64,654,302,696,397
1002,1,0.75,625,353,689,514
1002,2,0.75,655,300,696,405
1003,1,0.82,625,353,688,514
1003,2,0.66,657,300,698,412
1004,1,0.87,623,354,690,522
1004,2,0.75,659,301,699,421
1005,1,0.83,619,355,689,518
1005,2,0.8,660,304,701,426
1006,1,0.84,619,353,688,511
1006,2,0.78,662,306,703,430
1007,1,0.81,619,352,683,509
1007,2,0.78,663,306,704,432
1008,1,0.83,618,350,679,503
1008,2,0.82,663,304,706,432
1009,1,0.83,617,350,677,509
1009,2,0.81,661,303,705,433
1010,1,0.81,615,351,674,513
1010,2,0.81,660,303,704,432
1011,1,0.82,612,352,670,519
1011,2,0.83,658,305,703,432
1012,1,0.83,609,353,666,521
1012,2,0.79,657,306,702,427
1013,1,0.83,605,354,662,521
1013,2,0.81,659,307,702,425
1014,1,0.82,603,355,657,516
1014,2,0.78,660,307,702,431
1015,1,0.85,599,354,656,515
1015,2,0.8,659,307,704,434
1016,1,0.86,594,352,654,515
1016,2,0.76,658,307,706,435
1017,1,0.87,592,351,652,516
1017,2,0.77,662,310,711,427
1018,1,0.85,589,350,649,517
1018,2,0.7,665,314,713,426
1019,1,0.83,587,349,646,510
1019,2,0.81,672,318,716,424
1020,1,0.83,584,349,643,516
1020,2,0.83,673,318,719,426
1021,1,0.81,580,350,641,510
1021,2,0.85,674,317,720,420
1022,1,0.87,577,350,638,521
1022,2,0.86,675,315,723,423
1023,1,0.87,574,352,637,526
1023,2,0.87,675,315,724,425
1024,1,0.86,571,355,634,535
1024,2,0.86,674,318,723,429
1025,1,0.87,568,356,632,539
1025,2,0.84,675,322,722,435
1026,1,0.87,564,357,628,539
1026,2,0.82,680,323,720,437
1027,1,0.87,561,358,624,543
1027,2,0.81,683,321,720,438
1028,1,0.87,557,359,620,539
1028,2,0.83,684,320,720,434
1029,1,0.88,552,359,617,539
1029,2,0.77,684,320,721,436
1030,1,0.87,548,359,614,542
1030,2,0.76,687,321,724,436
1031,1,0.87,545,359,611,545
1031,2,0.74,690,321,726,433
1032,1,0.87,541,359,608,548
1032,2,0.73,690,320,727,432
1033,1,0.89,538,360,604,551
1033,2,0.81,690,317,729,438
1034,1,0.88,535,361,600,554
1034,2,0.82,686,313,731,435
1035,1,0.88,531,361,596,560
1035,2,0.83,684,311,733,435
1036,1,0.89,526,361,590,564
1036,2,0.8,686,310,732,432
1037,1,0.87,521,362,585,568
1037,2,0.8,690,311,731,435
1038,1,0.85,516,364,581,572
1038,2,0.81,692,310,730,436
1039,1,0.85,510,366,575,578
1039,2,0.8,693,306,729,437
1040,1,0.86,505,370,570,587
1040,2,0.8,693,303,731,439
1041,1,0.88,500,374,565,596
1041,2,0.81,693,303,731,432
1042,1,0.86,493,380,560,606
1042,2,0.8,691,305,730,430
1043,1,0.86,488,386,555,615
1043,2,0.8,690,307,730,432
1044,1,0.83,482,393,551,623
1044,2,0.82,687,306,729,436
1045,1,0.85,476,400,548,636
1045,2,0.81,687,305,727,437
1046,1,0.83,472,408,545,646
1046,2,0.78,687,302,726,434
1047,1,0.84,467,417,544,663
1047,2,0.81,685,303,725,433
1048,1,0.85,463,426,539,679
1048,2,0.83,683,307,724,434
1049,1,0.87,460,436,535,690
1049,2,0.81,681,311,722,435
1050,1,0.89,456,448,532,704
1050,2,0.76,678,313,719,434
1051,1,0.86,452,460,528,715
1051,2,0.74,678,312,719,433
1052,1,0.88,447,471,524,720
1052,2,0.74,678,312,720,441
1053,1,0.87,441,483,522,720
1053,2,0.73,677,312,723,436
1054,1,0.88,437,494,517,720
1054,2,0.79,675,315,721,436
1055,1,0.88,430,506,513,720
1055,2,0.68,676,319,719,428
1056,1,0.87,425,519,511,720
1056,2,0.74,677,321,718,419
1057,1,0.89,419,530,506,720
1057,2,0.84,678,319,719,428
1058,1,0.87,412,541,501,720
1058,2,0.86,679,318,718,433
1059,1,0.87,405,552,495,720
1059,2,0.84,678,317,718,436
1060,1,0.88,398,564,489,720
1060,2,0.82,677,320,716,440
1061,1,0.87,391,575,484,720
1061,2,0.82,675,323,715,443
1062,1,0.85,384,587,479,719
1062,2,0.82,672,324,713,444
1063,1,0.86,378,599,475,719
1063,2,0.82,674,323,712,438
1064,1,0.85,371,611,467,718
1064,2,0.79,675,321,710,437
1065,1,0.81,365,623,461,718
1065,2,0.77,674,319,709,435
1066,1,0.74,359,635,452,718
1066,2,0.78,672,321,708,436
1067,1,0.73,356,647,446,719
1067,2,0.78,671,323,707,438
1068,2,0.75,669,324,707,438
1069,2,0.75,668,324,709,441
1070,2,0.74,666,322,705,442
1071,2,0.74,665,321,700,444
1072,2,0.61,663,321,699,444
1073,2,0.59,661,321,698,445
1074,2,0.66,658,323,692,446
1075,2,0.7,655,324,690,444
1076,2,0.71,652,325,687,445
1077,2,0.73,650,326,686,447
1078,2,0.73,648,327,682,449
1079,2,0.69,646,328,680,454
1080,2,0.78,645,329,678,453
1081,2,0.75,643,330,676,456
1082,2,0.77,643,331,675,458
1083,2,0.53,642,332,674,455
1084,2,0.76,643,333,674,458
1085,2,0.75,641,334,674,464
1086,2,0.72,641,335,673,465
1087,2,0.75,640,335,673,466
1088,2,0.74,639,335,673,468
1089,2,0.75,640,336,671,467
1090,2,0.48,641,337,670,467
1091,2,0.29,641,338,669,468
1092,2,0.64,638,339,669,468
1093,2,0.68,638,338,668,469
1094,2,0.68,637,337,667,470
1095,2,0.68,636,337,667,471
1096,2,0.7,636,337,667,470
1097,2,0.7,635,338,666,471
1098,2,0.7,633,338,666,472
1099,2,0.69,632,336,666,473
1100,2,0.65,632,335,665,473
1101,2,0.67,632,336,665,472
1102,2,0.71,632,336,664,470
1103,2,0.7,632,335,664,469
1104,2,0.69,632,333,664,468
1105,2,0.71,632,331,665,468
1106,2,0.69,632,328,664,467
1107,2,0.71,631,325,664,465
1108,2,0.7,630,324,665,466
1109,2,0.72,629,323,665,464
1110,2,0.72,629,322,665,461
1111,2,0.72,628,318,665,460
1112,2,0.74,628,314,665,459
1113,2,0.74,627,312,664,459
1114,2,0.74,627,310,665,456
1115,2,0.74,626,309,666,453
1116,2,0.75,625,309,665,450
1117,2,0.75,624,309,664,448
1118,2,0.74,624,306,663,449
1119,2,0.72,625,305,663,448
1120,2,0.69,626,304,662,446
1121,2,0.7,625,303,662,446
1122,2,0.67,625,302,662,445
1123,2,0.69,628,300,662,443
1124,2,0.7,630,298,662,441
1125,2,0.71,627,298,662,440
1126,2,0.72,627,298,662,440
1127,2,0.73,628,298,661,440
1128,2,0.73,628,298,661,439
1129,2,0.73,628,298,661,439
1130,2,0.72,628,298,661,439
