epoch,time,train/box_loss,train/cls_loss,train/dfl_loss,metrics/precision(B),metrics/recall(B),metrics/mAP50(B),metrics/mAP50-95(B),val/box_loss,val/cls_loss,val/dfl_loss,lr/pg0,lr/pg1,lr/pg2
1,492.433,2.55603,2.73675,1.74309,0.14519,0.35297,0.0958,0.03215,2.82525,5.91408,1.98359,0.0700573,0.00332697,0.00332697
2,973.929,2.60037,2.53205,1.82189,0.17369,0.25279,0.13613,0.04347,2.59105,2.3195,1.80278,0.0399254,0.00652843,0.00652843
3,1753.79,2.48958,2.36853,1.7638,0.14373,0.25885,0.10542,0.03574,2.50532,3.46425,1.71967,0.0096615,0.00959789,0.00959789
4,2258,2.40989,2.24225,1.6756,0.33039,0.43218,0.2323,0.08543,2.26875,2.10152,1.60546,0.009406,0.009406,0.009406
5,2708.78,2.27033,2.14053,1.60273,0.38819,0.34284,0.21814,0.08962,2.31215,2.29169,1.62943,0.009208,0.009208,0.009208
6,3159.47,2.27559,2.08991,1.58267,0.41495,0.33425,0.31729,0.12402,2.16083,1.91465,1.52857,0.00901,0.00901,0.00901
7,3676.63,2.19303,1.97142,1.56441,0.29292,0.305,0.2372,0.0947,2.20866,2.02719,1.58972,0.008812,0.008812,0.008812
8,4202.7,2.20408,2.01344,1.55586,0.43428,0.28714,0.28643,0.11617,2.21974,1.9644,1.53682,0.008614,0.008614,0.008614
9,4714.11,2.13774,1.97032,1.50904,0.5684,0.3274,0.3889,0.1567,2.05095,1.81087,1.48314,0.008416,0.008416,0.008416
10,5262.08,2.10228,1.89845,1.48388,0.44844,0.34286,0.35207,0.14946,2.02113,1.82089,1.45671,0.008218,0.008218,0.008218
11,5712.24,2.06997,1.88771,1.49412,0.55193,0.42587,0.42272,0.16914,1.99976,1.77003,1.42192,0.00802,0.00802,0.00802
12,6166.36,2.01394,1.83383,1.44293,0.49678,0.35767,0.33427,0.1523,2.02042,1.79917,1.44184,0.007822,0.007822,0.007822
13,6625.44,2.00654,1.8396,1.44153,0.51175,0.41689,0.43969,0.2188,1.97383,1.67361,1.39784,0.007624,0.007624,0.007624
14,7661.6,1.97135,1.73577,1.40581,0.54282,0.45813,0.43501,0.19677,1.93862,1.65708,1.37287,0.007426,0.007426,0.007426
15,8172.83,1.98419,1.76946,1.42514,0.53155,0.44408,0.43501,0.19945,1.95876,1.65568,1.38403,0.007228,0.007228,0.007228
16,8688.79,1.99895,1.72493,1.42153,0.45739,0.42967,0.38442,0.18225,2.01224,1.70428,1.41746,0.00703,0.00703,0.00703
17,9230.53,1.96353,1.72642,1.39072,0.49972,0.44391,0.4537,0.23763,1.88776,1.55119,1.34285,0.006832,0.006832,0.006832
18,9701.97,1.90315,1.61835,1.37565,0.55769,0.46494,0.484,0.22547,1.90866,1.52471,1.3773,0.006634,0.006634,0.006634
19,10176.9,1.92117,1.69966,1.36379,0.66695,0.38798,0.4687,0.25491,1.88175,1.60223,1.34778,0.006436,0.006436,0.006436
20,10647.9,1.85496,1.63473,1.35032,0.63473,0.4192,0.4788,0.25365,1.82414,1.56125,1.31548,0.006238,0.006238,0.006238
21,11109.1,1.84757,1.61266,1.36393,0.63816,0.47251,0.54927,0.28336,1.84717,1.54407,1.34647,0.00604,0.00604,0.00604
22,11572.1,1.83174,1.61817,1.36303,0.51473,0.56411,0.52308,0.2755,1.87579,1.54762,1.33808,0.005842,0.005842,0.005842
23,12034.1,1.80577,1.53587,1.32494,0.56905,0.54421,0.57181,0.30769,1.77153,1.43854,1.31608,0.005644,0.005644,0.005644
24,12507.8,1.82846,1.54826,1.35737,0.55146,0.49815,0.50293,0.28891,1.81548,1.56489,1.33699,0.005446,0.005446,0.005446
25,13561.5,1.76704,1.48597,1.31851,0.68083,0.50539,0.58518,0.30613,1.82773,1.44509,1.34109,0.005248,0.005248,0.005248
26,14019.6,1.76714,1.5138,1.31795,0.68193,0.49394,0.58325,0.32793,1.78391,1.42226,1.29969,0.00505,0.00505,0.00505
27,14476.4,1.77136,1.51453,1.30329,0.58704,0.50959,0.57279,0.33587,1.71336,1.42266,1.27104,0.004852,0.004852,0.004852
28,14931.8,1.7517,1.47591,1.31214,0.70899,0.56346,0.63171,0.35073,1.71991,1.34488,1.27737,0.004654,0.004654,0.004654
29,15396.6,1.73774,1.45025,1.29171,0.73019,0.45635,0.58013,0.30973,1.71258,1.39894,1.28329,0.004456,0.004456,0.004456
30,15906.5,1.76168,1.48394,1.30272,0.68013,0.52272,0.6203,0.34821,1.69678,1.38398,1.27924,0.004258,0.004258,0.004258
31,16379.6,1.71837,1.45104,1.30174,0.68427,0.57393,0.63588,0.36487,1.69958,1.34587,1.27234,0.00406,0.00406,0.00406
32,16854.9,1.70493,1.39713,1.28033,0.74554,0.49911,0.62976,0.3428,1.72184,1.32735,1.281,0.003862,0.003862,0.003862
33,17414.3,1.69232,1.39916,1.27654,0.67822,0.59013,0.6291,0.34852,1.67996,1.34106,1.2442,0.003664,0.003664,0.003664
34,17962.7,1.66241,1.35782,1.24963,0.67714,0.59531,0.64511,0.35612,1.67858,1.31518,1.22116,0.003466,0.003466,0.003466
35,18466.6,1.65889,1.37709,1.24504,0.72017,0.601,0.65259,0.38122,1.61912,1.28883,1.20393,0.003268,0.003268,0.003268
36,18972.2,1.65957,1.38261,1.24165,0.7347,0.57791,0.64227,0.33522,1.69021,1.33459,1.2468,0.00307,0.00307,0.00307
37,19485.8,1.66033,1.33701,1.24772,0.77328,0.571,0.6707,0.38878,1.62622,1.26633,1.21411,0.002872,0.002872,0.002872
38,19992.5,1.63382,1.32357,1.23093,0.71102,0.59457,0.64841,0.36898,1.61246,1.30585,1.21457,0.002674,0.002674,0.002674
39,20509.1,1.60568,1.31155,1.22365,0.68713,0.61131,0.6501,0.39474,1.63849,1.27004,1.19769,0.002476,0.002476,0.002476
40,21038.2,1.5961,1.30455,1.22316,0.73631,0.62307,0.67181,0.41026,1.60295,1.21791,1.18593,0.002278,0.002278,0.002278
41,21519.2,1.64021,1.33564,1.24603,0.75787,0.60859,0.66673,0.40573,1.66895,1.23952,1.20163,0.00208,0.00208,0.00208
42,22005.1,1.65423,1.34566,1.24244,0.74926,0.59646,0.68567,0.41875,1.60552,1.24952,1.18668,0.001882,0.001882,0.001882
43,22477.9,1.63053,1.31768,1.20987,0.73506,0.6306,0.69603,0.42995,1.56403,1.18263,1.16871,0.001684,0.001684,0.001684
44,22949.9,1.60753,1.27669,1.22425,0.7352,0.64184,0.68666,0.41916,1.59578,1.19802,1.17188,0.001486,0.001486,0.001486
45,23425.3,1.60162,1.25848,1.19819,0.75038,0.63977,0.6979,0.42649,1.58553,1.15365,1.17454,0.001288,0.001288,0.001288
46,23888,1.57327,1.22237,1.19099,0.72769,0.65177,0.69859,0.44269,1.54117,1.16207,1.14867,0.00109,0.00109,0.00109
47,24358.7,1.56754,1.26394,1.18408,0.73408,0.64288,0.70154,0.44063,1.55898,1.17159,1.15809,0.000892,0.000892,0.000892
48,24832.2,1.54236,1.19988,1.18183,0.77086,0.64954,0.70933,0.44635,1.53885,1.14432,1.14588,0.000694,0.000694,0.000694
49,25308.5,1.5307,1.17569,1.17016,0.76009,0.6617,0.70544,0.44499,1.54329,1.13029,1.15265,0.000496,0.000496,0.000496
50,25774.1,1.52256,1.17802,1.17677,0.76243,0.64852,0.71237,0.45392,1.51783,1.12102,1.14317,0.000298,0.000298,0.000298
